order_id,order_placement_date,customer_id,product_id,order_qty,agreed_delivery_date,actual_delivery_date,delivery_qty,In Full,On Time,On Time In Full
FMR34203601,2025/03/01,789203,25891601,110,3/4/2025,3/4/2025,110,1,1,1
FMR32320302,2025/03/01,789320,25891203,347,3/2/2025,3/2/2025,347,1,1,1
FMR33320501,2025/03/01,789320,25891203,187,3/3/2025,3/3/2025,150,0,1,0
FMR34220601,2025/03/01,789220,25891203,235,3/4/2025,3/4/2025,235,1,1,1
FMR33703603,2025/03/01,789703,25891203,176,3/3/2025,3/3/2025,176,1,1,1
FMR33721603,2025/03/01,789721,25891203,345,3/3/2025,3/3/2025,345,1,1,1
FMR33420203,2025/03/01,789420,25891203,138,3/3/2025,3/6/2025,138,1,0,0
FMR34420402,2025/03/01,789420,25891203,381,3/4/2025,3/5/2025,381,1,0,0
FMR32403401,2025/03/01,789403,25891203,348,3/2/2025,3/2/2025,348,1,1,1
FMR34121203,2025/03/01,789121,25891203,480,3/4/2025,3/6/2025,480,1,0,0
FMR32501601,2025/03/01,789501,25891203,478,3/2/2025,3/2/2025,478,1,1,1
FMR34501203,2025/03/01,789501,25891203,491,3/4/2025,3/4/2025,491,1,1,1
FMR34102602,2025/03/01,789102,25891203,407,3/4/2025,3/4/2025,387,0,1,0
FMR33902203,2025/03/01,789902,25891203,299,3/3/2025,3/3/2025,299,1,1,1
FMR34903603,2025/03/01,789903,25891203,329,3/4/2025,3/4/2025,329,1,1,1
FMR32421203,2025/03/01,789421,25891203,441,3/2/2025,3/3/2025,419,0,0,0
FMR33421203,2025/03/01,789421,25891203,104,3/3/2025,3/6/2025,99,0,0,0
FMR33402203,2025/03/01,789402,25891203,491,3/3/2025,3/5/2025,491,1,0,0
FMR33621603,2025/03/01,789621,25891203,138,3/3/2025,3/3/2025,138,1,1,1
FMR34520301,2025/03/01,789520,25891203,172,3/4/2025,3/4/2025,155,0,1,0
FMR33702302,2025/03/01,789702,25891302,38,3/3/2025,3/3/2025,30,0,1,0
FMR32320302,2025/03/01,789320,25891302,54,3/2/2025,3/2/2025,54,1,1,1
FMR34603302,2025/03/01,789603,25891302,37,3/4/2025,3/4/2025,37,1,1,1
FMR34721502,2025/03/01,789721,25891302,63,3/4/2025,3/5/2025,60,0,0,0
FMR33621302,2025/03/01,789621,25891302,56,3/3/2025,3/4/2025,56,1,0,0
FMR32520302,2025/03/01,789520,25891302,54,3/2/2025,3/3/2025,49,0,0,0
FMR33520601,2025/03/01,789520,25891302,42,3/3/2025,3/5/2025,34,0,0,0
FMR34520302,2025/03/01,789520,25891302,23,3/4/2025,3/5/2025,22,0,0,0
FMR32420602,2025/03/01,789420,25891302,49,3/2/2025,3/4/2025,49,1,0,0
FMR32902402,2025/03/01,789902,25891302,70,3/2/2025,3/2/2025,70,1,1,1
FMR32521302,2025/03/01,789521,25891302,34,3/2/2025,3/3/2025,34,1,0,0
FMR32720302,2025/03/01,789720,25891302,49,3/2/2025,3/2/2025,49,1,1,1
FMR33401603,2025/03/01,789401,25891302,40,3/3/2025,3/3/2025,40,1,1,1
FMR33121302,2025/03/01,789121,25891302,26,3/3/2025,3/3/2025,26,1,1,1
FMR32903403,2025/03/01,789903,25891302,42,3/2/2025,3/2/2025,40,0,1,0
FMR32422302,2025/03/01,789422,25891302,67,3/2/2025,3/5/2025,54,0,0,0
FMR32301302,2025/03/01,789301,25891302,29,3/2/2025,3/5/2025,29,1,0,0
FMR33721603,2025/03/01,789721,25891301,59,3/3/2025,3/3/2025,59,1,1,1
FMR32420403,2025/03/01,789420,25891301,87,3/2/2025,3/2/2025,87,1,1,1
FMR33420301,2025/03/01,789420,25891301,23,3/3/2025,3/5/2025,18,0,0,0
FMR33320501,2025/03/01,789320,25891301,46,3/3/2025,3/3/2025,46,1,1,1
FMR33122301,2025/03/01,789122,25891301,29,3/3/2025,3/5/2025,26,0,0,0
FMR34101301,2025/03/01,789101,25891301,76,3/4/2025,3/4/2025,76,1,1,1
FMR33421301,2025/03/01,789421,25891301,75,3/3/2025,3/5/2025,67,0,0,0
FMR34421301,2025/03/01,789421,25891301,47,3/4/2025,3/4/2025,45,0,1,0
FMR34103403,2025/03/01,789103,25891301,71,3/4/2025,3/4/2025,67,0,1,0
FMR32121301,2025/03/01,789121,25891301,72,3/2/2025,3/3/2025,65,0,0,0
FMR34203601,2025/03/01,789203,25891301,100,3/4/2025,3/4/2025,100,1,1,1
FMR33402303,2025/03/01,789402,25891301,94,3/3/2025,3/3/2025,94,1,1,1
FMR34221301,2025/03/01,789221,25891301,44,3/4/2025,3/4/2025,44,1,1,1
FMR34202301,2025/03/01,789202,25891301,45,3/4/2025,3/4/2025,45,1,1,1
FMR32522301,2025/03/01,789522,25891301,46,3/2/2025,3/3/2025,46,1,0,0
FMR34522403,2025/03/01,789522,25891301,47,3/4/2025,3/5/2025,38,0,0,0
FMR34520301,2025/03/01,789520,25891301,38,3/4/2025,3/4/2025,34,0,1,0
FMR33301301,2025/03/01,789301,25891301,92,3/3/2025,3/3/2025,83,0,1,0
FMR34303602,2025/03/01,789303,25891301,44,3/4/2025,3/4/2025,40,0,1,0
FMR33220603,2025/03/01,789220,25891301,75,3/3/2025,3/3/2025,75,1,1,1
FMR32422301,2025/03/01,789422,25891301,63,3/2/2025,3/2/2025,63,1,1,1
FMR33422301,2025/03/01,789422,25891301,63,3/3/2025,3/5/2025,60,0,0,0
FMR34303602,2025/03/01,789303,25891102,352,3/4/2025,3/4/2025,317,0,1,0
FMR34401102,2025/03/01,789401,25891102,369,3/4/2025,3/3/2025,369,1,1,1
FMR34520302,2025/03/01,789520,25891102,373,3/4/2025,3/5/2025,336,0,0,0
FMR32121102,2025/03/01,789121,25891102,397,3/2/2025,3/1/2025,377,0,1,0
FMR33902203,2025/03/01,789902,25891102,494,3/3/2025,3/3/2025,395,0,1,0
FMR34902102,2025/03/01,789902,25891102,465,3/4/2025,3/5/2025,465,1,0,0
FMR32503401,2025/03/01,789503,25891102,459,3/2/2025,3/2/2025,367,0,1,0
FMR32720302,2025/03/01,789720,25891102,402,3/2/2025,3/2/2025,402,1,1,1
FMR33720202,2025/03/01,789720,25891102,483,3/3/2025,3/3/2025,483,1,1,1
FMR34321602,2025/03/01,789321,25891102,368,3/4/2025,3/4/2025,331,0,1,0
FMR32103503,2025/03/01,789103,25891102,307,3/2/2025,3/2/2025,246,0,1,0
FMR32421102,2025/03/01,789421,25891102,309,3/2/2025,3/4/2025,278,0,0,0
FMR34421301,2025/03/01,789421,25891102,412,3/4/2025,3/4/2025,391,0,1,0
FMR34320102,2025/03/01,789320,25891102,432,3/4/2025,3/5/2025,432,1,0,0
FMR32420102,2025/03/01,789420,25891102,310,3/2/2025,3/5/2025,310,1,0,0
FMR32702601,2025/03/01,789702,25891102,478,3/2/2025,3/2/2025,454,0,1,0
FMR34220601,2025/03/01,789220,25891102,473,3/4/2025,3/4/2025,473,1,1,1
FMR34201202,2025/03/01,789201,25891102,372,3/4/2025,3/4/2025,353,0,1,0
FMR32102102,2025/03/01,789102,25891102,496,3/2/2025,3/1/2025,496,1,1,1
FMR34122102,2025/03/01,789122,25891102,443,3/4/2025,3/6/2025,399,0,0,0
FMR33621102,2025/03/01,789621,25891102,480,3/3/2025,3/6/2025,480,1,0,0
FMR32622502,2025/03/01,789622,25891502,153,3/2/2025,3/2/2025,138,0,1,0
FMR33622502,2025/03/01,789622,25891502,132,3/3/2025,3/3/2025,132,1,1,1
FMR32420602,2025/03/01,789420,25891502,165,3/2/2025,3/4/2025,157,0,0,0
FMR32201502,2025/03/01,789201,25891502,160,3/2/2025,3/2/2025,160,1,1,1
FMR33220603,2025/03/01,789220,25891502,211,3/3/2025,3/3/2025,211,1,1,1
FMR33202502,2025/03/01,789202,25891502,141,3/3/2025,3/3/2025,134,0,1,0
FMR33520502,2025/03/01,789520,25891502,173,3/3/2025,3/6/2025,173,1,0,0
FMR34520503,2025/03/01,789520,25891502,143,3/4/2025,3/7/2025,129,0,0,0
FMR33503502,2025/03/01,789503,25891502,238,3/3/2025,3/3/2025,238,1,1,1
FMR34503502,2025/03/01,789503,25891502,231,3/4/2025,3/3/2025,231,1,1,1
FMR33401603,2025/03/01,789401,25891502,140,3/3/2025,3/3/2025,133,0,1,0
FMR34401503,2025/03/01,789401,25891502,200,3/4/2025,3/4/2025,200,1,1,1
FMR34721502,2025/03/01,789721,25891502,123,3/4/2025,3/5/2025,98,0,0,0
FMR34702502,2025/03/01,789702,25891502,239,3/4/2025,3/4/2025,215,0,1,0
FMR33521502,2025/03/01,789521,25891502,167,3/3/2025,3/5/2025,167,1,0,0
FMR33520502,2025/03/01,789520,25891403,359,3/3/2025,3/6/2025,341,0,0,0
FMR33320501,2025/03/01,789320,25891403,239,3/3/2025,3/3/2025,239,1,1,1
FMR34422403,2025/03/01,789422,25891403,265,3/4/2025,3/6/2025,252,0,0,0
FMR32903403,2025/03/01,789903,25891403,244,3/2/2025,3/2/2025,220,0,1,0
FMR32420403,2025/03/01,789420,25891403,397,3/2/2025,3/2/2025,318,0,1,0
FMR33101403,2025/03/01,789101,25891403,315,3/3/2025,3/3/2025,283,0,1,0
FMR32202603,2025/03/01,789202,25891403,440,3/2/2025,3/2/2025,440,1,1,1
FMR34303602,2025/03/01,789303,25891403,427,3/4/2025,3/4/2025,406,0,1,0
FMR32121403,2025/03/01,789121,25891403,441,3/2/2025,3/2/2025,441,1,1,1
FMR34522403,2025/03/01,789522,25891403,320,3/4/2025,3/5/2025,320,1,0,0
FMR34103403,2025/03/01,789103,25891403,467,3/4/2025,3/4/2025,420,0,1,0
FMR32220503,2025/03/01,789220,25891403,465,3/2/2025,3/2/2025,372,0,1,0
FMR32622503,2025/03/01,789622,25891503,208,3/2/2025,3/1/2025,198,0,1,0
FMR34622602,2025/03/01,789622,25891503,241,3/4/2025,3/4/2025,241,1,1,1
FMR33720503,2025/03/01,789720,25891503,146,3/3/2025,3/4/2025,146,1,0,0
FMR32220503,2025/03/01,789220,25891503,115,3/2/2025,3/2/2025,103,0,1,0
FMR33220603,2025/03/01,789220,25891503,239,3/3/2025,3/3/2025,239,1,1,1
FMR34321602,2025/03/01,789321,25891503,246,3/4/2025,3/4/2025,246,1,1,1
FMR32221603,2025/03/01,789221,25891503,158,3/2/2025,3/2/2025,158,1,1,1
FMR33221503,2025/03/01,789221,25891503,106,3/3/2025,3/3/2025,101,0,1,0
FMR32103503,2025/03/01,789103,25891503,126,3/2/2025,3/2/2025,120,0,1,0
FMR33401603,2025/03/01,789401,25891503,161,3/3/2025,3/3/2025,145,0,1,0
FMR34401503,2025/03/01,789401,25891503,192,3/4/2025,3/4/2025,192,1,1,1
FMR34721503,2025/03/01,789721,25891503,144,3/4/2025,3/4/2025,137,0,1,0
FMR33320503,2025/03/01,789320,25891503,140,3/3/2025,3/6/2025,140,1,0,0
FMR34520503,2025/03/01,789520,25891503,233,3/4/2025,3/7/2025,221,0,0,0
FMR32101601,2025/03/01,789101,25891503,183,3/2/2025,3/2/2025,183,1,1,1
FMR32422503,2025/03/01,789422,25891503,138,3/2/2025,3/3/2025,110,0,0,0
FMR34603302,2025/03/01,789603,25891103,378,3/4/2025,3/4/2025,378,1,1,1
FMR34702602,2025/03/01,789702,25891103,480,3/4/2025,3/3/2025,432,0,1,0
FMR32601103,2025/03/01,789601,25891103,310,3/2/2025,3/2/2025,294,0,1,0
FMR34601402,2025/03/01,789601,25891103,388,3/4/2025,3/4/2025,310,0,1,0
FMR33303501,2025/03/01,789303,25891103,335,3/3/2025,3/3/2025,335,1,1,1
FMR32621103,2025/03/01,789621,25891103,431,3/2/2025,3/2/2025,431,1,1,1
FMR34621103,2025/03/01,789621,25891103,357,3/4/2025,3/4/2025,339,0,1,0
FMR32501601,2025/03/01,789501,25891103,318,3/2/2025,3/2/2025,318,1,1,1
FMR33501401,2025/03/01,789501,25891103,400,3/3/2025,3/3/2025,400,1,1,1
FMR34501203,2025/03/01,789501,25891103,327,3/4/2025,3/4/2025,327,1,1,1
FMR34402202,2025/03/01,789402,25891103,340,3/4/2025,3/4/2025,272,0,1,0
FMR32221603,2025/03/01,789221,25891103,430,3/2/2025,3/2/2025,430,1,1,1
FMR33522103,2025/03/01,789522,25891103,384,3/3/2025,3/4/2025,384,1,0,0
FMR33503502,2025/03/01,789503,25891103,325,3/3/2025,3/3/2025,309,0,1,0
FMR33122301,2025/03/01,789122,25891103,403,3/3/2025,3/5/2025,403,1,0,0
FMR34122103,2025/03/01,789122,25891103,458,3/4/2025,3/3/2025,458,1,1,1
FMR32401103,2025/03/01,789401,25891103,476,3/2/2025,3/2/2025,476,1,1,1
FMR34301103,2025/03/01,789301,25891103,351,3/4/2025,3/6/2025,351,1,0,0
FMR34902103,2025/03/01,789902,25891103,456,3/4/2025,3/6/2025,410,0,0,0
FMR32202603,2025/03/01,789202,25891103,389,3/2/2025,3/2/2025,370,0,1,0
FMR34721103,2025/03/01,789721,25891103,468,3/4/2025,3/6/2025,468,1,0,0
FMR33420203,2025/03/01,789420,25891103,357,3/3/2025,3/6/2025,357,1,0,0
FMR34420402,2025/03/01,789420,25891103,325,3/4/2025,3/5/2025,325,1,0,0
FMR32321103,2025/03/01,789321,25891103,478,3/2/2025,3/3/2025,478,1,0,0
FMR33321602,2025/03/01,789321,25891103,465,3/3/2025,3/3/2025,419,0,1,0
FMR32422401,2025/03/01,789422,25891103,317,3/2/2025,3/4/2025,317,1,0,0
FMR34522601,2025/03/01,789522,25891601,181,3/4/2025,3/7/2025,163,0,0,0
FMR32202603,2025/03/01,789202,25891601,125,3/2/2025,3/2/2025,119,0,1,0
FMR32702601,2025/03/01,789702,25891601,93,3/2/2025,3/2/2025,74,0,1,0
FMR33520601,2025/03/01,789520,25891601,182,3/3/2025,3/5/2025,146,0,0,0
FMR32902601,2025/03/01,789902,25891601,93,3/2/2025,3/3/2025,88,0,0,0
FMR33103602,2025/03/01,789103,25891601,188,3/3/2025,3/3/2025,150,0,1,0
FMR33201602,2025/03/01,789201,25891601,180,3/3/2025,3/3/2025,171,0,1,0
FMR34622602,2025/03/01,789622,25891601,96,3/4/2025,3/4/2025,91,0,1,0
FMR32101601,2025/03/01,789101,25891601,124,3/2/2025,3/2/2025,124,1,1,1
FMR34220601,2025/03/01,789220,25891601,78,3/4/2025,3/4/2025,78,1,1,1
FMR34122601,2025/03/01,789122,25891601,68,3/4/2025,3/7/2025,61,0,0,0
FMR33321601,2025/03/01,789321,25891601,157,3/3/2025,3/5/2025,157,1,0,0
FMR33903601,2025/03/01,789903,25891601,93,3/3/2025,3/3/2025,84,0,1,0
FMR34621601,2025/03/01,789621,25891601,170,3/4/2025,3/7/2025,170,1,0,0
FMR32421601,2025/03/01,789421,25891601,108,3/2/2025,3/2/2025,103,0,1,0
FMR34421601,2025/03/01,789421,25891601,75,3/4/2025,3/5/2025,75,1,0,0
FMR33102601,2025/03/01,789102,25891601,180,3/3/2025,3/3/2025,180,1,1,1
FMR33401603,2025/03/01,789401,25891203,429,3/3/2025,3/3/2025,429,1,1,1
FMR32501601,2025/03/01,789501,25891601,139,3/2/2025,3/2/2025,139,1,1,1
FMR32603203,2025/03/01,789603,25891203,460,3/2/2025,3/3/2025,460,1,0,0
FMR34420402,2025/03/01,789420,25891402,353,3/4/2025,3/5/2025,353,1,0,0
FMR34401402,2025/03/01,789401,25891402,468,3/4/2025,3/6/2025,468,1,0,0
FMR34720402,2025/03/01,789720,25891402,472,3/4/2025,3/5/2025,448,0,0,0
FMR34721503,2025/03/01,789721,25891402,436,3/4/2025,3/4/2025,414,0,1,0
FMR34601402,2025/03/01,789601,25891402,208,3/4/2025,3/4/2025,208,1,1,1
FMR32520603,2025/03/01,789520,25891402,287,3/2/2025,3/2/2025,258,0,1,0
FMR33503502,2025/03/01,789503,25891402,450,3/3/2025,3/3/2025,450,1,1,1
FMR32203402,2025/03/01,789203,25891402,488,3/2/2025,3/2/2025,488,1,1,1
FMR32902402,2025/03/01,789902,25891402,405,3/2/2025,3/2/2025,405,1,1,1
FMR33321602,2025/03/01,789321,25891402,283,3/3/2025,3/3/2025,283,1,1,1
FMR33122402,2025/03/01,789122,25891402,460,3/3/2025,3/6/2025,437,0,0,0
FMR34122402,2025/03/01,789122,25891402,256,3/4/2025,3/4/2025,205,0,1,0
FMR34621601,2025/03/01,789621,25891402,220,3/4/2025,3/7/2025,220,1,0,0
FMR32221402,2025/03/01,789221,25891402,384,3/2/2025,3/3/2025,384,1,0,0
FMR33221402,2025/03/01,789221,25891402,342,3/3/2025,3/4/2025,342,1,0,0
FMR32622402,2025/03/01,789622,25891402,309,3/2/2025,3/3/2025,247,0,0,0
FMR34622602,2025/03/01,789622,25891402,462,3/4/2025,3/4/2025,439,0,1,0
FMR32202402,2025/03/01,789202,25891402,442,3/2/2025,3/3/2025,442,1,0,0
FMR34301602,2025/03/01,789301,25891201,308,3/4/2025,3/4/2025,308,1,1,1
FMR33521201,2025/03/01,789521,25891201,487,3/3/2025,3/4/2025,463,0,0,0
FMR33401603,2025/03/01,789401,25891201,461,3/3/2025,3/3/2025,461,1,1,1
FMR33320501,2025/03/01,789320,25891201,354,3/3/2025,3/3/2025,354,1,1,1
FMR32321201,2025/03/01,789321,25891201,374,3/2/2025,3/2/2025,374,1,1,1
FMR34102602,2025/03/01,789102,25891201,440,3/4/2025,3/4/2025,440,1,1,1
FMR32103503,2025/03/01,789103,25891201,112,3/2/2025,3/2/2025,101,0,1,0
FMR32501201,2025/03/01,789501,25891201,273,3/2/2025,3/1/2025,273,1,1,1
FMR34220601,2025/03/01,789220,25891201,378,3/4/2025,3/4/2025,378,1,1,1
FMR34702502,2025/03/01,789702,25891201,156,3/4/2025,3/4/2025,156,1,1,1
FMR34201201,2025/03/01,789201,25891201,291,3/4/2025,3/5/2025,233,0,0,0
FMR32622502,2025/03/01,789622,25891201,274,3/2/2025,3/2/2025,247,0,1,0
FAP419601103,2025/04/18,789601,25891103,380,4/19/2025,4/20/2025,361,0,0,0
FAP421521301,2025/04/18,789521,25891103,379,4/21/2025,4/21/2025,379,1,1,1
FAP420501403,2025/04/18,789501,25891103,463,4/20/2025,4/20/2025,463,1,1,1
FAP421501402,2025/04/18,789501,25891103,364,4/21/2025,4/21/2025,328,0,1,0
FAP419121501,2025/04/18,789121,25891103,377,4/19/2025,4/21/2025,377,1,0,0
FAP421720303,2025/04/18,789720,25891103,332,4/21/2025,4/21/2025,332,1,1,1
FAP419503203,2025/04/18,789503,25891103,432,4/19/2025,4/19/2025,432,1,1,1
FAP420301601,2025/04/18,789301,25891103,366,4/20/2025,4/20/2025,329,0,1,0
FAP419902103,2025/04/18,789902,25891103,439,4/19/2025,4/20/2025,439,1,0,0
FAP419103603,2025/04/18,789103,25891103,303,4/19/2025,4/19/2025,288,0,1,0
FAP419202103,2025/04/18,789202,25891103,376,4/19/2025,4/20/2025,376,1,0,0
FAP420721103,2025/04/18,789721,25891103,451,4/20/2025,4/20/2025,451,1,1,1
FAP420703601,2025/04/18,789703,25891601,125,4/20/2025,4/20/2025,125,1,1,1
FAP421601601,2025/04/18,789601,25891601,138,4/21/2025,4/21/2025,138,1,1,1
FAP420202601,2025/04/18,789202,25891601,118,4/20/2025,4/20/2025,112,0,1,0
FAP421902602,2025/04/18,789902,25891601,118,4/21/2025,4/21/2025,94,0,1,0
FAP419521601,2025/04/18,789521,25891601,119,4/19/2025,4/20/2025,119,1,0,0
FAP419402601,2025/04/18,789402,25891601,182,4/19/2025,4/19/2025,182,1,1,1
FAP421622601,2025/04/18,789622,25891601,68,4/21/2025,4/21/2025,68,1,1,1
FAP419721601,2025/04/18,789721,25891601,178,4/19/2025,4/19/2025,178,1,1,1
FAP419101601,2025/04/18,789101,25891601,134,4/19/2025,4/19/2025,134,1,1,1
FAP420101601,2025/04/18,789101,25891601,114,4/20/2025,4/19/2025,108,0,1,0
FAP420503603,2025/04/18,789503,25891601,111,4/20/2025,4/20/2025,111,1,1,1
FAP419720601,2025/04/18,789720,25891601,61,4/19/2025,4/19/2025,61,1,1,1
FAP420720601,2025/04/18,789720,25891601,177,4/20/2025,4/20/2025,168,0,1,0
FAP419603601,2025/04/18,789603,25891601,149,4/19/2025,4/19/2025,149,1,1,1
FAP420301601,2025/04/18,789301,25891601,154,4/20/2025,4/20/2025,154,1,1,1
FAP421421601,2025/04/18,789421,25891601,174,4/21/2025,4/22/2025,139,0,0,0
FAP419501601,2025/04/18,789501,25891601,199,4/19/2025,4/19/2025,199,1,1,1
FAP421501402,2025/04/18,789501,25891402,323,4/21/2025,4/21/2025,323,1,1,1
FAP421402501,2025/04/18,789402,25891402,418,4/21/2025,4/21/2025,376,0,1,0
FAP420420402,2025/04/18,789420,25891402,446,4/20/2025,4/21/2025,446,1,0,0
FAP419721402,2025/04/18,789721,25891402,369,4/19/2025,4/21/2025,369,1,0,0
FAP421721402,2025/04/18,789721,25891402,395,4/21/2025,4/21/2025,395,1,1,1
FAP419520402,2025/04/18,789520,25891402,448,4/19/2025,4/18/2025,426,0,1,0
FAP419203402,2025/04/18,789203,25891402,260,4/19/2025,4/19/2025,260,1,1,1
FAP419903402,2025/04/18,789903,25891402,403,4/19/2025,4/19/2025,383,0,1,0
FAP420101402,2025/04/18,789101,25891402,412,4/20/2025,4/21/2025,412,1,0,0
FAP419621402,2025/04/18,789621,25891402,305,4/19/2025,4/19/2025,305,1,1,1
FAP420221603,2025/04/18,789221,25891402,253,4/20/2025,4/20/2025,253,1,1,1
FAP419622402,2025/04/18,789622,25891402,288,4/19/2025,4/20/2025,288,1,0,0
FAP421421501,2025/04/18,789421,25891402,449,4/21/2025,4/23/2025,427,0,0,0
FAP421102402,2025/04/18,789102,25891402,229,4/21/2025,4/20/2025,229,1,1,1
FAP419303602,2025/04/18,789303,25891201,210,4/19/2025,4/19/2025,210,1,1,1
FAP420603603,2025/04/18,789603,25891201,440,4/20/2025,4/20/2025,440,1,1,1
FAP421603203,2025/04/18,789603,25891201,167,4/21/2025,4/21/2025,167,1,1,1
FAP421121401,2025/04/18,789121,25891201,350,4/21/2025,4/22/2025,350,1,0,0
FAP420122202,2025/04/18,789122,25891201,334,4/20/2025,4/21/2025,267,0,0,0
FAP419601501,2025/04/18,789601,25891201,202,4/19/2025,4/19/2025,202,1,1,1
FAP421601201,2025/04/18,789601,25891201,300,4/21/2025,4/20/2025,285,0,1,0
FAP419621402,2025/04/18,789621,25891201,298,4/19/2025,4/19/2025,298,1,1,1
FAP420621603,2025/04/18,789621,25891201,421,4/20/2025,4/20/2025,421,1,1,1
FAP419301602,2025/04/18,789301,25891201,419,4/19/2025,4/19/2025,419,1,1,1
FAP421301201,2025/04/18,789301,25891201,334,4/21/2025,4/21/2025,334,1,1,1
FAP419320201,2025/04/18,789320,25891201,151,4/19/2025,4/19/2025,151,1,1,1
FAP419402601,2025/04/18,789402,25891201,305,4/19/2025,4/19/2025,305,1,1,1
FAP420402302,2025/04/18,789402,25891201,383,4/20/2025,4/20/2025,383,1,1,1
FAP421402501,2025/04/18,789402,25891201,380,4/21/2025,4/21/2025,342,0,1,0
FAP420321503,2025/04/18,789321,25891201,214,4/20/2025,4/20/2025,214,1,1,1
FAP421321201,2025/04/18,789321,25891201,153,4/21/2025,4/20/2025,153,1,1,1
FAP419421201,2025/04/18,789421,25891201,300,4/19/2025,4/22/2025,270,0,0,0
FAP419102403,2025/04/18,789102,25891201,153,4/19/2025,4/19/2025,153,1,1,1
FAP420902603,2025/04/18,789902,25891201,227,4/20/2025,4/20/2025,227,1,1,1
FAP421721402,2025/04/18,789721,25891201,149,4/21/2025,4/21/2025,149,1,1,1
FAP421103403,2025/04/18,789103,25891201,348,4/21/2025,4/21/2025,348,1,1,1
FAP419422401,2025/04/18,789422,25891201,472,4/19/2025,4/21/2025,472,1,0,0
FAP420703601,2025/04/18,789703,25891201,456,4/20/2025,4/20/2025,433,0,1,0
FAP419903201,2025/04/18,789903,25891201,240,4/19/2025,4/18/2025,228,0,1,0
FAP421903201,2025/04/18,789903,25891201,193,4/21/2025,4/23/2025,154,0,0,0
FAP420201602,2025/04/18,789201,25891201,346,4/20/2025,4/20/2025,277,0,1,0
FAP419203402,2025/04/18,789203,25891201,241,4/19/2025,4/19/2025,241,1,1,1
FAP421203503,2025/04/18,789203,25891201,212,4/21/2025,4/21/2025,212,1,1,1
FAP420522201,2025/04/18,789522,25891201,496,4/20/2025,4/23/2025,496,1,0,0
FAP419622402,2025/04/18,789622,25891201,143,4/19/2025,4/20/2025,136,0,0,0
FAP420622602,2025/04/18,789622,25891201,167,4/20/2025,4/20/2025,150,0,1,0
FAP419501501,2025/04/18,789501,25891501,100,4/19/2025,4/20/2025,100,1,0,0
FAP421501501,2025/04/18,789501,25891501,236,4/21/2025,4/20/2025,224,0,1,0
FAP419321501,2025/04/18,789321,25891501,166,4/19/2025,4/19/2025,133,0,1,0
FAP419601501,2025/04/18,789601,25891501,190,4/19/2025,4/19/2025,171,0,1,0
FAP421203501,2025/04/18,789203,25891501,225,4/21/2025,4/23/2025,203,0,0,0
FAP419401501,2025/04/18,789401,25891501,141,4/19/2025,4/20/2025,141,1,0,0
FAP419403501,2025/04/18,789403,25891501,111,4/19/2025,4/19/2025,89,0,1,0
FAP419121501,2025/04/18,789121,25891501,112,4/19/2025,4/21/2025,112,1,0,0
FAP421320602,2025/04/18,789320,25891501,182,4/21/2025,4/21/2025,182,1,1,1
FAP421122501,2025/04/18,789122,25891501,177,4/21/2025,4/22/2025,177,1,0,0
FAP421101501,2025/04/18,789101,25891501,219,4/21/2025,4/20/2025,219,1,1,1
FAP420303503,2025/04/18,789303,25891501,229,4/20/2025,4/20/2025,229,1,1,1
FAP419102501,2025/04/18,789102,25891501,140,4/19/2025,4/20/2025,133,0,0,0
FAP421421501,2025/04/18,789421,25891501,143,4/21/2025,4/23/2025,143,1,0,0
FAP419402601,2025/04/18,789402,25891501,114,4/19/2025,4/19/2025,114,1,1,1
FAP421402501,2025/04/18,789402,25891501,163,4/21/2025,4/21/2025,163,1,1,1
FAP419220503,2025/04/18,789220,25891501,126,4/19/2025,4/19/2025,113,0,1,0
FAP419202603,2025/04/18,789202,25891501,107,4/19/2025,4/19/2025,107,1,1,1
FAP419301602,2025/04/18,789301,25891501,212,4/19/2025,4/19/2025,212,1,1,1
FAP419301602,2025/04/18,789301,25891602,111,4/19/2025,4/19/2025,111,1,1,1
FAP419303602,2025/04/18,789303,25891602,176,4/19/2025,4/19/2025,176,1,1,1
FAP421303602,2025/04/18,789303,25891602,102,4/21/2025,4/21/2025,102,1,1,1
FAP419202603,2025/04/18,789202,25891602,107,4/19/2025,4/19/2025,102,0,1,0
FAP421202602,2025/04/18,789202,25891602,124,4/21/2025,4/21/2025,118,0,1,0
FAP421621602,2025/04/18,789621,25891602,153,4/21/2025,4/21/2025,153,1,1,1
FAP420601602,2025/04/18,789601,25891602,68,4/20/2025,4/20/2025,61,0,1,0
FAP419201602,2025/04/18,789201,25891602,90,4/19/2025,4/19/2025,81,0,1,0
FAP420201602,2025/04/18,789201,25891602,114,4/20/2025,4/20/2025,108,0,1,0
FAP421201602,2025/04/18,789201,25891602,166,4/21/2025,4/21/2025,158,0,1,0
FAP420320603,2025/04/18,789320,25891602,194,4/20/2025,4/20/2025,175,0,1,0
FAP421320602,2025/04/18,789320,25891602,50,4/21/2025,4/21/2025,48,0,1,0
FAP420520602,2025/04/18,789520,25891602,183,4/20/2025,4/23/2025,165,0,0,0
FAP419622602,2025/04/18,789622,25891602,179,4/19/2025,4/21/2025,179,1,0,0
FAP420622602,2025/04/18,789622,25891602,168,4/20/2025,4/20/2025,168,1,1,1
FAP421902602,2025/04/18,789902,25891602,74,4/21/2025,4/21/2025,74,1,1,1
FAP420101602,2025/04/18,789101,25891602,152,4/20/2025,4/20/2025,152,1,1,1
FAP419421603,2025/04/18,789421,25891602,97,4/19/2025,4/20/2025,87,0,0,0
FAP421501101,2025/04/18,789501,25891101,381,4/21/2025,4/23/2025,305,0,0,0
FAP419522101,2025/04/18,789522,25891101,469,4/19/2025,4/20/2025,469,1,0,0
FAP421522101,2025/04/18,789522,25891101,403,4/21/2025,4/20/2025,403,1,1,1
FAP419101601,2025/04/18,789101,25891101,405,4/19/2025,4/19/2025,405,1,1,1
FAP421321201,2025/04/18,789321,25891101,486,4/21/2025,4/20/2025,486,1,1,1
FAP420721103,2025/04/18,789721,25891101,492,4/20/2025,4/20/2025,467,0,1,0
FAP419903402,2025/04/18,789903,25891101,391,4/19/2025,4/19/2025,371,0,1,0
FAP419320101,2025/04/18,789320,25891101,434,4/19/2025,4/20/2025,434,1,0,0
FAP420720601,2025/04/18,789720,25891101,470,4/20/2025,4/20/2025,446,0,1,0
FAP420702101,2025/04/18,789702,25891101,465,4/20/2025,4/20/2025,442,0,1,0
FAP420221603,2025/04/18,789221,25891101,479,4/20/2025,4/20/2025,479,1,1,1
FAP419601501,2025/04/18,789601,25891101,492,4/19/2025,4/19/2025,467,0,1,0
FAP419403501,2025/04/18,789403,25891101,489,4/19/2025,4/19/2025,489,1,1,1
FAP419503203,2025/04/18,789503,25891101,469,4/19/2025,4/19/2025,446,0,1,0
FAP421420101,2025/04/18,789420,25891101,305,4/21/2025,4/20/2025,305,1,1,1
FAP421622601,2025/04/18,789622,25891101,319,4/21/2025,4/21/2025,303,0,1,0
FAP420402101,2025/04/18,789402,25891101,344,4/20/2025,4/19/2025,344,1,1,1
FAP419902603,2025/04/18,789902,25891401,425,4/19/2025,4/19/2025,425,1,1,1
FAP421902602,2025/04/18,789902,25891401,491,4/21/2025,4/21/2025,491,1,1,1
FAP419402601,2025/04/18,789402,25891401,280,4/19/2025,4/19/2025,280,1,1,1
FAP421402501,2025/04/18,789402,25891401,455,4/21/2025,4/21/2025,455,1,1,1
FAP420121401,2025/04/18,789121,25891401,423,4/20/2025,4/23/2025,423,1,0,0
FAP421121401,2025/04/18,789121,25891401,431,4/21/2025,4/22/2025,388,0,0,0
FAP420501403,2025/04/18,789501,25891401,288,4/20/2025,4/20/2025,288,1,1,1
FAP419102403,2025/04/18,789102,25891401,349,4/19/2025,4/19/2025,314,0,1,0
FAP419520401,2025/04/18,789520,25891401,272,4/19/2025,4/21/2025,245,0,0,0
FAP421520401,2025/04/18,789520,25891401,373,4/21/2025,4/24/2025,373,1,0,0
FAP420903401,2025/04/18,789903,25891401,466,4/20/2025,4/22/2025,419,0,0,0
FAP421702401,2025/04/18,789702,25891401,402,4/21/2025,4/21/2025,402,1,1,1
FAP419703401,2025/04/18,789703,25891401,331,4/19/2025,4/19/2025,331,1,1,1
FAP419721601,2025/04/18,789721,25891401,366,4/19/2025,4/19/2025,366,1,1,1
FAP419422401,2025/04/18,789422,25891401,290,4/19/2025,4/21/2025,290,1,0,0
FAP420422401,2025/04/18,789422,25891401,486,4/20/2025,4/23/2025,486,1,0,0
FAP419401401,2025/04/18,789401,25891401,492,4/19/2025,4/19/2025,492,1,1,1
FAP419103603,2025/04/18,789103,25891401,445,4/19/2025,4/19/2025,445,1,1,1
FAP420101602,2025/04/18,789101,25891401,359,4/20/2025,4/20/2025,359,1,1,1
FAP419521401,2025/04/18,789521,25891401,398,4/19/2025,4/21/2025,398,1,0,0
FAP419220503,2025/04/18,789220,25891401,223,4/19/2025,4/19/2025,212,0,1,0
FAP419321501,2025/04/18,789321,25891401,425,4/19/2025,4/19/2025,425,1,1,1
FAP421102603,2025/04/18,789102,25891603,133,4/21/2025,4/21/2025,133,1,1,1
FAP420220603,2025/04/18,789220,25891603,58,4/20/2025,4/20/2025,58,1,1,1
FAP420603603,2025/04/18,789603,25891603,89,4/20/2025,4/20/2025,89,1,1,1
FAP420320603,2025/04/18,789320,25891603,142,4/20/2025,4/20/2025,142,1,1,1
FAP420221603,2025/04/18,789221,25891603,84,4/20/2025,4/20/2025,80,0,1,0
FAP420403603,2025/04/18,789403,25891603,185,4/20/2025,4/20/2025,176,0,1,0
FAP421420603,2025/04/18,789420,25891603,176,4/21/2025,4/22/2025,158,0,0,0
FAP421522603,2025/04/18,789522,25891603,81,4/21/2025,4/24/2025,81,1,0,0
FAP420521603,2025/04/18,789521,25891603,71,4/20/2025,4/19/2025,64,0,1,0
FAP419622603,2025/04/18,789622,25891603,192,4/19/2025,4/19/2025,192,1,1,1
FAP419421603,2025/04/18,789421,25891603,178,4/19/2025,4/20/2025,178,1,0,0
FAP420503603,2025/04/18,789503,25891603,76,4/20/2025,4/20/2025,76,1,1,1
FAP419902603,2025/04/18,789902,25891603,194,4/19/2025,4/19/2025,175,0,1,0
FAP420902603,2025/04/18,789902,25891603,166,4/20/2025,4/20/2025,166,1,1,1
FAP419702603,2025/04/18,789702,25891603,79,4/19/2025,4/19/2025,63,0,1,0
FAP419103603,2025/04/18,789103,25891603,139,4/19/2025,4/19/2025,125,0,1,0
FAP419202603,2025/04/18,789202,25891603,126,4/19/2025,4/19/2025,126,1,1,1
FAP419201603,2025/04/18,789201,25891603,107,4/19/2025,4/18/2025,107,1,1,1
FAP420621603,2025/04/18,789621,25891603,157,4/20/2025,4/20/2025,157,1,1,1
FAP420102202,2025/04/18,789102,25891202,328,4/20/2025,4/20/2025,295,0,1,0
FAP419402601,2025/04/18,789402,25891202,184,4/19/2025,4/19/2025,184,1,1,1
FAP420122202,2025/04/18,789122,25891202,247,4/20/2025,4/21/2025,247,1,0,0
FAP421221301,2025/04/18,789221,25891202,190,4/21/2025,4/21/2025,171,0,1,0
FAP419420202,2025/04/18,789420,25891202,398,4/19/2025,4/21/2025,398,1,0,0
FAP421301202,2025/04/18,789301,25891202,398,4/21/2025,4/22/2025,398,1,0,0
FAP419103603,2025/04/18,789103,25891202,404,4/19/2025,4/19/2025,404,1,1,1
FAP420401303,2025/04/18,789401,25891202,432,4/20/2025,4/20/2025,432,1,1,1
FAP420220202,2025/04/18,789220,25891202,469,4/20/2025,4/23/2025,469,1,0,0
FAP419521601,2025/04/18,789521,25891202,259,4/19/2025,4/20/2025,259,1,0,0
FAP420521202,2025/04/18,789521,25891202,417,4/20/2025,4/20/2025,417,1,1,1
FAP420621202,2025/04/18,789621,25891202,348,4/20/2025,4/19/2025,348,1,1,1
FAP420603603,2025/04/18,789603,25891303,39,4/20/2025,4/20/2025,39,1,1,1
FAP420401303,2025/04/18,789401,25891303,86,4/20/2025,4/20/2025,86,1,1,1
FAP419720303,2025/04/18,789720,25891303,41,4/19/2025,4/18/2025,41,1,1,1
FAP421720303,2025/04/18,789720,25891303,66,4/21/2025,4/21/2025,66,1,1,1
FAP421420303,2025/04/18,789420,25891303,84,4/21/2025,4/23/2025,84,1,0,0
FAP420421303,2025/04/18,789421,25891303,99,4/20/2025,4/21/2025,94,0,0,0
FAP419622603,2025/04/18,789622,25891303,87,4/19/2025,4/19/2025,87,1,1,1
FAP420622602,2025/04/18,789622,25891303,61,4/20/2025,4/20/2025,55,0,1,0
FAP419122303,2025/04/18,789122,25891303,31,4/19/2025,4/22/2025,25,0,0,0
FAP420520303,2025/04/18,789520,25891303,22,4/20/2025,4/21/2025,22,1,0,0
FAP420202601,2025/04/18,789202,25891303,85,4/20/2025,4/20/2025,85,1,1,1
FAP420121502,2025/04/18,789121,25891303,40,4/20/2025,4/22/2025,40,1,0,0
FAP421121303,2025/04/18,789121,25891303,22,4/21/2025,4/23/2025,18,0,0,0
FAP419101601,2025/04/18,789101,25891303,70,4/19/2025,4/19/2025,70,1,1,1
FAP421101501,2025/04/18,789101,25891303,97,4/21/2025,4/20/2025,97,1,1,1
FAP421402501,2025/04/18,789402,25891303,96,4/21/2025,4/21/2025,96,1,1,1
FAP419903402,2025/04/18,789903,25891303,79,4/19/2025,4/19/2025,63,0,1,0
FAP419521303,2025/04/18,789521,25891303,23,4/19/2025,4/18/2025,18,0,1,0
FAP421522503,2025/04/18,789522,25891503,106,4/21/2025,4/23/2025,85,0,0,0
FAP419103203,2025/04/18,789103,25891203,242,4/19/2025,4/18/2025,194,0,1,0
FAP421603203,2025/04/18,789603,25891203,223,4/21/2025,4/21/2025,223,1,1,1
FAP420101602,2025/04/18,789101,25891203,361,4/20/2025,4/20/2025,361,1,1,1
FAP419401401,2025/04/18,789401,25891203,168,4/19/2025,4/19/2025,168,1,1,1
FAP420401303,2025/04/18,789401,25891203,459,4/20/2025,4/20/2025,436,0,1,0
FAP421220203,2025/04/18,789220,25891203,126,4/21/2025,4/20/2025,126,1,1,1
FAP419703401,2025/04/18,789703,25891203,177,4/19/2025,4/19/2025,168,0,1,0
FAP421703203,2025/04/18,789703,25891203,134,4/21/2025,4/21/2025,127,0,1,0
FAP421521203,2025/04/18,789521,25891203,191,4/21/2025,4/22/2025,191,1,0,0
FAP419420203,2025/04/18,789420,25891203,122,4/19/2025,4/19/2025,122,1,1,1
FAP419403501,2025/04/18,789403,25891203,343,4/19/2025,4/19/2025,343,1,1,1
FAP420403603,2025/04/18,789403,25891203,322,4/20/2025,4/20/2025,322,1,1,1
FAP419503203,2025/04/18,789503,25891203,399,4/19/2025,4/19/2025,399,1,1,1
FAP420503603,2025/04/18,789503,25891203,157,4/20/2025,4/20/2025,141,0,1,0
FAP421503203,2025/04/18,789503,25891203,249,4/21/2025,4/20/2025,237,0,1,0
FAP420121502,2025/04/18,789121,25891203,198,4/20/2025,4/22/2025,198,1,0,0
FAP419201602,2025/04/18,789201,25891203,428,4/19/2025,4/19/2025,428,1,1,1
FAP420201203,2025/04/18,789201,25891203,151,4/20/2025,4/21/2025,151,1,0,0
FAP421201203,2025/04/18,789201,25891203,246,4/21/2025,4/22/2025,246,1,0,0
FAP421902602,2025/04/18,789902,25891203,453,4/21/2025,4/21/2025,430,0,1,0
FAP421903503,2025/04/18,789903,25891203,304,4/21/2025,4/21/2025,289,0,1,0
FAP421702203,2025/04/18,789702,25891203,181,4/21/2025,4/22/2025,163,0,0,0
FAP420520403,2025/04/18,789520,25891203,139,4/20/2025,4/20/2025,125,0,1,0
FAP421621602,2025/04/18,789621,25891203,132,4/21/2025,4/21/2025,132,1,1,1
FAP419702302,2025/04/18,789702,25891302,53,4/19/2025,4/21/2025,50,0,0,0
FAP420622302,2025/04/18,789622,25891302,86,4/20/2025,4/21/2025,86,1,0,0
FAP419603302,2025/04/18,789603,25891302,53,4/19/2025,4/20/2025,53,1,0,0
FAP420621603,2025/04/18,789621,25891302,97,4/20/2025,4/20/2025,87,0,1,0
FAP419501601,2025/04/18,789501,25891302,44,4/19/2025,4/19/2025,44,1,1,1
FAP419221302,2025/04/18,789221,25891302,23,4/19/2025,4/20/2025,23,1,0,0
FAP421520302,2025/04/18,789520,25891302,54,4/21/2025,4/23/2025,49,0,0,0
FAP420421302,2025/04/18,789421,25891302,95,4/20/2025,4/23/2025,76,0,0,0
FAP420420402,2025/04/18,789420,25891302,95,4/20/2025,4/21/2025,95,1,0,0
FAP420220302,2025/04/18,789220,25891302,59,4/20/2025,4/19/2025,56,0,1,0
FAP421201602,2025/04/18,789201,25891302,90,4/21/2025,4/21/2025,90,1,1,1
FAP421521302,2025/04/18,789521,25891302,24,4/21/2025,4/23/2025,24,1,0,0
FAP419303302,2025/04/18,789303,25891302,89,4/19/2025,4/18/2025,89,1,1,1
FAP420101302,2025/04/18,789101,25891302,91,4/20/2025,4/22/2025,73,0,0,0
FAP421203503,2025/04/18,789203,25891302,97,4/21/2025,4/21/2025,97,1,1,1
FAP419601501,2025/04/18,789601,25891302,92,4/19/2025,4/19/2025,83,0,1,0
FAP420522302,2025/04/18,789522,25891302,51,4/20/2025,4/22/2025,51,1,0,0
FAP420402302,2025/04/18,789402,25891302,84,4/20/2025,4/20/2025,84,1,1,1
FAP421422302,2025/04/18,789422,25891302,34,4/21/2025,4/21/2025,34,1,1,1
FAP420301302,2025/04/18,789301,25891302,79,4/20/2025,4/19/2025,71,0,1,0
FAP420420402,2025/04/18,789420,25891301,62,4/20/2025,4/21/2025,62,1,0,0
FAP419703301,2025/04/18,789703,25891301,49,4/19/2025,4/18/2025,49,1,1,1
FAP420320603,2025/04/18,789320,25891301,55,4/20/2025,4/20/2025,55,1,1,1
FAP419101601,2025/04/18,789101,25891301,25,4/19/2025,4/19/2025,25,1,1,1
FAP420121301,2025/04/18,789121,25891301,87,4/20/2025,4/21/2025,70,0,0,0
FAP420203301,2025/04/18,789203,25891301,77,4/20/2025,4/20/2025,77,1,1,1
FAP421201602,2025/04/18,789201,25891301,56,4/21/2025,4/21/2025,50,0,1,0
FAP421503502,2025/04/18,789503,25891301,56,4/21/2025,4/21/2025,56,1,1,1
FAP421521301,2025/04/18,789521,25891301,32,4/21/2025,4/21/2025,32,1,1,1
FAP421221301,2025/04/18,789221,25891301,90,4/21/2025,4/21/2025,90,1,1,1
FAP421202301,2025/04/18,789202,25891301,98,4/21/2025,4/24/2025,93,0,0,0
FAP421621602,2025/04/18,789621,25891301,65,4/21/2025,4/21/2025,65,1,1,1
FAP419903402,2025/04/18,789903,25891301,62,4/19/2025,4/19/2025,59,0,1,0
FAP419622603,2025/04/18,789622,25891301,81,4/19/2025,4/19/2025,81,1,1,1
FAP420303503,2025/04/18,789303,25891301,40,4/20/2025,4/20/2025,40,1,1,1
FAP420220603,2025/04/18,789220,25891301,28,4/20/2025,4/20/2025,28,1,1,1
FAP420422502,2025/04/18,789422,25891301,39,4/20/2025,4/19/2025,39,1,1,1
FAP421401102,2025/04/18,789401,25891102,431,4/21/2025,4/22/2025,431,1,0,0
FAP421601601,2025/04/18,789601,25891102,332,4/21/2025,4/21/2025,315,0,1,0
FAP421221301,2025/04/18,789221,25891102,341,4/21/2025,4/21/2025,341,1,1,1
FAP421520302,2025/04/18,789520,25891102,366,4/21/2025,4/23/2025,366,1,0,0
FAP421622601,2025/04/18,789622,25891102,398,4/21/2025,4/21/2025,398,1,1,1
FAP419422102,2025/04/18,789422,25891102,344,4/19/2025,4/22/2025,344,1,0,0
FAP419902102,2025/04/18,789902,25891102,397,4/19/2025,4/18/2025,397,1,1,1
FAP420902603,2025/04/18,789902,25891102,466,4/20/2025,4/20/2025,466,1,1,1
FAP419720601,2025/04/18,789720,25891102,452,4/19/2025,4/19/2025,362,0,1,0
FAP421720102,2025/04/18,789720,25891102,377,4/21/2025,4/24/2025,377,1,0,0
FAP420501403,2025/04/18,789501,25891102,328,4/20/2025,4/20/2025,328,1,1,1
FAP421501402,2025/04/18,789501,25891102,391,4/21/2025,4/21/2025,391,1,1,1
FAP419301102,2025/04/18,789301,25891102,417,4/19/2025,4/21/2025,417,1,0,0
FAP420421102,2025/04/18,789421,25891102,482,4/20/2025,4/19/2025,434,0,1,0
FAP420420102,2025/04/18,789420,25891102,437,4/20/2025,4/20/2025,437,1,1,1
FAP419703401,2025/04/18,789703,25891102,337,4/19/2025,4/19/2025,337,1,1,1
FAP420122202,2025/04/18,789122,25891102,378,4/20/2025,4/21/2025,359,0,0,0
FAP421603203,2025/04/18,789603,25891102,499,4/21/2025,4/21/2025,499,1,1,1
FAP419203402,2025/04/18,789203,25891102,300,4/19/2025,4/19/2025,300,1,1,1
FAP421622601,2025/04/18,789622,25891502,202,4/21/2025,4/21/2025,202,1,1,1
FAP421220502,2025/04/18,789220,25891502,188,4/21/2025,4/21/2025,188,1,1,1
FAP420202601,2025/04/18,789202,25891502,220,4/20/2025,4/20/2025,198,0,1,0
FAP419121502,2025/04/18,789121,25891502,139,4/19/2025,4/20/2025,139,1,0,0
FAP420121502,2025/04/18,789121,25891502,117,4/20/2025,4/22/2025,117,1,0,0
FAP421621602,2025/04/18,789621,25891502,149,4/21/2025,4/21/2025,134,0,1,0
FAP421503502,2025/04/18,789503,25891502,100,4/21/2025,4/21/2025,100,1,1,1
FAP420422502,2025/04/18,789422,25891502,148,4/20/2025,4/19/2025,148,1,1,1
FAP420702502,2025/04/18,789702,25891502,243,4/20/2025,4/21/2025,219,0,0,0
FAP421420403,2025/04/19,789420,25891403,324,4/21/2025,4/21/2025,324,1,1,1
FAP420103302,2025/04/19,789103,25891203,411,4/20/2025,4/20/2025,370,0,1,0
FAP422103502,2025/04/19,789103,25891203,436,4/22/2025,4/22/2025,414,0,1,0
FAP420422203,2025/04/19,789422,25891203,126,4/20/2025,4/22/2025,126,1,0,0
FAP421721203,2025/04/19,789721,25891203,264,4/21/2025,4/23/2025,264,1,0,0
FAP422720203,2025/04/19,789720,25891203,334,4/22/2025,4/24/2025,334,1,0,0
FAP420303203,2025/04/19,789303,25891203,271,4/20/2025,4/19/2025,271,1,1,1
FAP421221403,2025/04/19,789221,25891203,387,4/21/2025,4/21/2025,368,0,1,0
FAP422201403,2025/04/19,789201,25891203,446,4/22/2025,4/22/2025,446,1,1,1
FAP420321601,2025/04/19,789321,25891203,354,4/20/2025,4/20/2025,336,0,1,0
FAP421321203,2025/04/19,789321,25891203,178,4/21/2025,4/22/2025,178,1,0,0
FAP421601203,2025/04/19,789601,25891203,242,4/21/2025,4/20/2025,242,1,1,1
FAP421622203,2025/04/19,789622,25891203,130,4/21/2025,4/23/2025,130,1,0,0
FAP421102302,2025/04/19,789102,25891203,179,4/21/2025,4/21/2025,179,1,1,1
FAP422903401,2025/04/19,789903,25891203,389,4/22/2025,4/22/2025,350,0,1,0
FAP420621602,2025/04/19,789621,25891203,419,4/20/2025,4/20/2025,419,1,1,1
FAP421102302,2025/04/19,789102,25891302,73,4/21/2025,4/21/2025,73,1,1,1
FAP422702602,2025/04/19,789702,25891302,92,4/22/2025,4/22/2025,87,0,1,0
FAP420321302,2025/04/19,789321,25891302,54,4/20/2025,4/21/2025,54,1,0,0
FAP421221403,2025/04/19,789221,25891302,99,4/21/2025,4/21/2025,79,0,1,0
FAP422520302,2025/04/19,789520,25891302,66,4/22/2025,4/25/2025,63,0,0,0
FAP421420302,2025/04/19,789420,25891302,46,4/21/2025,4/20/2025,46,1,1,1
FAP420403602,2025/04/19,789403,25891302,85,4/20/2025,4/20/2025,85,1,1,1
FAP420103302,2025/04/19,789103,25891302,66,4/20/2025,4/20/2025,63,0,1,0
FAP421103603,2025/04/19,789103,25891302,54,4/21/2025,4/21/2025,51,0,1,0
FAP421401502,2025/04/19,789401,25891302,35,4/21/2025,4/21/2025,28,0,1,0
FAP421703603,2025/04/19,789703,25891302,61,4/21/2025,4/21/2025,61,1,1,1
FAP422101302,2025/04/19,789101,25891302,59,4/22/2025,4/23/2025,59,1,0,0
FAP421402503,2025/04/19,789402,25891302,29,4/21/2025,4/21/2025,29,1,1,1
FAP421420301,2025/04/19,789420,25891301,73,4/21/2025,4/22/2025,73,1,0,0
FAP422703603,2025/04/19,789703,25891301,82,4/22/2025,4/22/2025,82,1,1,1
FAP421102302,2025/04/19,789102,25891301,63,4/21/2025,4/21/2025,63,1,1,1
FAP422720603,2025/04/19,789720,25891301,42,4/22/2025,4/22/2025,42,1,1,1
FAP422203301,2025/04/19,789203,25891301,87,4/22/2025,4/23/2025,87,1,0,0
FAP421402503,2025/04/19,789402,25891301,47,4/21/2025,4/21/2025,45,0,1,0
FAP420221301,2025/04/19,789221,25891301,72,4/20/2025,4/20/2025,72,1,1,1
FAP421903402,2025/04/19,789903,25891301,79,4/21/2025,4/21/2025,75,0,1,0
FAP420702403,2025/04/19,789702,25891301,70,4/20/2025,4/20/2025,70,1,1,1
FAP421520301,2025/04/19,789520,25891301,22,4/21/2025,4/23/2025,20,0,0,0
FAP421301601,2025/04/19,789301,25891301,38,4/21/2025,4/21/2025,38,1,1,1
FAP422422602,2025/04/19,789422,25891301,89,4/22/2025,4/24/2025,85,0,0,0
FAP422401301,2025/04/19,789401,25891301,45,4/22/2025,4/25/2025,45,1,0,0
FAP421303401,2025/04/19,789303,25891102,308,4/21/2025,4/21/2025,308,1,1,1
FAP421721602,2025/04/19,789721,25891102,312,4/21/2025,4/21/2025,312,1,1,1
FAP420221301,2025/04/19,789221,25891102,372,4/20/2025,4/20/2025,372,1,1,1
FAP422221402,2025/04/19,789221,25891102,324,4/22/2025,4/22/2025,324,1,1,1
FAP420622603,2025/04/19,789622,25891102,344,4/20/2025,4/20/2025,344,1,1,1
FAP420121102,2025/04/19,789121,25891102,381,4/20/2025,4/20/2025,343,0,1,0
FAP421121501,2025/04/19,789121,25891102,311,4/21/2025,4/24/2025,249,0,0,0
FAP421422102,2025/04/19,789422,25891102,356,4/21/2025,4/21/2025,285,0,1,0
FAP422902403,2025/04/19,789902,25891102,386,4/22/2025,4/22/2025,386,1,1,1
FAP420503401,2025/04/19,789503,25891102,488,4/20/2025,4/20/2025,488,1,1,1
FAP422321502,2025/04/19,789321,25891102,435,4/22/2025,4/22/2025,413,0,1,0
FAP420301602,2025/04/19,789301,25891102,485,4/20/2025,4/21/2025,485,1,0,0
FAP421103603,2025/04/19,789103,25891102,462,4/21/2025,4/21/2025,416,0,1,0
FAP420320502,2025/04/19,789320,25891102,363,4/20/2025,4/20/2025,363,1,1,1
FAP421320202,2025/04/19,789320,25891102,444,4/21/2025,4/21/2025,444,1,1,1
FAP422320603,2025/04/19,789320,25891102,463,4/22/2025,4/22/2025,440,0,1,0
FAP422420102,2025/04/19,789420,25891102,336,4/22/2025,4/22/2025,336,1,1,1
FAP422220503,2025/04/19,789220,25891102,405,4/22/2025,4/22/2025,365,0,1,0
FAP420101603,2025/04/19,789101,25891102,443,4/20/2025,4/20/2025,443,1,1,1
FAP421201603,2025/04/19,789201,25891102,408,4/21/2025,4/21/2025,408,1,1,1
FAP421621102,2025/04/19,789621,25891102,407,4/21/2025,4/21/2025,407,1,1,1
FAP420203503,2025/04/19,789203,25891102,356,4/20/2025,4/20/2025,338,0,1,0
FAP422203502,2025/04/19,789203,25891102,449,4/22/2025,4/22/2025,449,1,1,1
FAP420102602,2025/04/19,789102,25891502,117,4/20/2025,4/20/2025,117,1,1,1
FAP420622603,2025/04/19,789622,25891502,174,4/20/2025,4/20/2025,174,1,1,1
FAP420420502,2025/04/19,789420,25891502,237,4/20/2025,4/22/2025,237,1,0,0
FAP422420503,2025/04/19,789420,25891502,237,4/22/2025,4/25/2025,190,0,0,0
FAP420320502,2025/04/19,789320,25891502,135,4/20/2025,4/20/2025,135,1,1,1
FAP420201603,2025/04/19,789201,25891502,110,4/20/2025,4/20/2025,104,0,1,0
FAP422301502,2025/04/19,789301,25891502,200,4/22/2025,4/22/2025,200,1,1,1
FAP422203502,2025/04/19,789203,25891502,134,4/22/2025,4/22/2025,134,1,1,1
FAP421202502,2025/04/19,789202,25891502,123,4/21/2025,4/21/2025,123,1,1,1
FAP421121502,2025/04/19,789121,25891502,137,4/21/2025,4/23/2025,137,1,0,0
FAP422103502,2025/04/19,789103,25891502,191,4/22/2025,4/22/2025,181,0,1,0
FAP420720502,2025/04/19,789720,25891502,108,4/20/2025,4/20/2025,108,1,1,1
FAP422422502,2025/04/19,789422,25891502,194,4/22/2025,4/23/2025,194,1,0,0
FAP421401502,2025/04/19,789401,25891502,229,4/21/2025,4/21/2025,229,1,1,1
FAP422303502,2025/04/19,789303,25891502,124,4/22/2025,4/22/2025,124,1,1,1
FAP422321502,2025/04/19,789321,25891502,183,4/22/2025,4/22/2025,183,1,1,1
FAP420402502,2025/04/19,789402,25891502,142,4/20/2025,4/20/2025,142,1,1,1
FAP422402502,2025/04/19,789402,25891502,101,4/22/2025,4/23/2025,101,1,0,0
FAP422402403,2025/04/19,789402,25891403,390,4/22/2025,4/22/2025,390,1,1,1
FAP421321403,2025/04/19,789321,25891403,353,4/21/2025,4/21/2025,353,1,1,1
FAP420903403,2025/04/19,789903,25891403,419,4/20/2025,4/21/2025,377,0,0,0
FAP421201603,2025/04/19,789201,25891403,273,4/21/2025,4/21/2025,259,0,1,0
FAP422201403,2025/04/19,789201,25891403,450,4/22/2025,4/22/2025,450,1,1,1
FAP421902403,2025/04/19,789902,25891403,258,4/21/2025,4/21/2025,245,0,1,0
FAP422902403,2025/04/19,789902,25891403,343,4/22/2025,4/22/2025,343,1,1,1
FAP421221403,2025/04/19,789221,25891403,347,4/21/2025,4/21/2025,330,0,1,0
FAP421721602,2025/04/19,789721,25891403,407,4/21/2025,4/21/2025,407,1,1,1
FAP422102601,2025/04/19,789102,25891403,269,4/22/2025,4/22/2025,269,1,1,1
FAP421202502,2025/04/19,789202,25891403,317,4/21/2025,4/21/2025,317,1,1,1
FAP422720603,2025/04/19,789720,25891403,315,4/22/2025,4/22/2025,315,1,1,1
FAP420702403,2025/04/19,789702,25891403,397,4/20/2025,4/20/2025,357,0,1,0
FAP422702602,2025/04/19,789702,25891403,229,4/22/2025,4/22/2025,206,0,1,0
FAP421301601,2025/04/19,789301,25891403,464,4/21/2025,4/21/2025,464,1,1,1
FAP420601603,2025/04/19,789601,25891403,488,4/20/2025,4/19/2025,439,0,1,0
FAP420220501,2025/04/19,789220,25891403,419,4/20/2025,4/20/2025,419,1,1,1
FAP422622603,2025/04/19,789622,25891403,432,4/22/2025,4/22/2025,432,1,1,1
FAP422622503,2025/04/19,789622,25891503,155,4/22/2025,4/23/2025,155,1,0,0
FAP422503603,2025/04/19,789503,25891503,152,4/22/2025,4/22/2025,152,1,1,1
FAP421220601,2025/04/19,789220,25891503,179,4/21/2025,4/21/2025,170,0,1,0
FAP422220503,2025/04/19,789220,25891503,218,4/22/2025,4/22/2025,218,1,1,1
FAP422521602,2025/04/19,789521,25891503,194,4/22/2025,4/22/2025,194,1,1,1
FAP422420503,2025/04/19,789420,25891503,151,4/22/2025,4/25/2025,151,1,0,0
FAP421721602,2025/04/19,789721,25891503,128,4/21/2025,4/21/2025,128,1,1,1
FAP420301602,2025/04/19,789301,25891503,197,4/20/2025,4/21/2025,197,1,0,0
FAP421402503,2025/04/19,789402,25891503,217,4/21/2025,4/21/2025,217,1,1,1
FAP420621602,2025/04/19,789621,25891503,183,4/20/2025,4/20/2025,183,1,1,1
FAP420203503,2025/04/19,789203,25891503,129,4/20/2025,4/20/2025,116,0,1,0
FAP422702602,2025/04/19,789702,25891503,180,4/22/2025,4/22/2025,144,0,1,0
FAP420403602,2025/04/19,789403,25891103,372,4/20/2025,4/20/2025,372,1,1,1
FAP421903402,2025/04/19,789903,25891103,388,4/21/2025,4/21/2025,310,0,1,0
FAP422703603,2025/04/19,789703,25891103,410,4/22/2025,4/22/2025,390,0,1,0
FAP420201603,2025/04/19,789201,25891103,470,4/20/2025,4/20/2025,470,1,1,1
FAP420520401,2025/04/19,789520,25891103,435,4/20/2025,4/23/2025,413,0,0,0
FAP421520103,2025/04/19,789520,25891103,407,4/21/2025,4/22/2025,366,0,0,0
FAP420521402,2025/04/19,789521,25891103,440,4/20/2025,4/20/2025,440,1,1,1
FAP422320603,2025/04/19,789320,25891103,428,4/22/2025,4/22/2025,428,1,1,1
FAP422720603,2025/04/19,789720,25891103,422,4/22/2025,4/22/2025,422,1,1,1
FAP422221402,2025/04/19,789221,25891103,486,4/22/2025,4/22/2025,486,1,1,1
FAP421522103,2025/04/19,789522,25891103,365,4/21/2025,4/21/2025,329,0,1,0
FAP420622103,2025/04/19,789622,25891103,391,4/20/2025,4/21/2025,391,1,0,0
FAP421622401,2025/04/19,789622,25891103,324,4/21/2025,4/21/2025,308,0,1,0
FAP420401602,2025/04/19,789401,25891103,494,4/20/2025,4/20/2025,469,0,1,0
FAP422301602,2025/04/19,789301,25891103,409,4/22/2025,4/24/2025,409,1,0,0
FAP421103103,2025/04/19,789103,25891103,387,4/21/2025,4/23/2025,348,0,0,0
FAP422103502,2025/04/19,789103,25891103,302,4/22/2025,4/22/2025,272,0,1,0
FAP421102103,2025/04/19,789102,25891103,484,4/21/2025,4/20/2025,436,0,1,0
FAP421202502,2025/04/19,789202,25891103,407,4/21/2025,4/21/2025,407,1,1,1
FAP421321403,2025/04/19,789321,25891103,486,4/21/2025,4/21/2025,486,1,1,1
FAP421422103,2025/04/19,789422,25891103,427,4/21/2025,4/24/2025,427,1,0,0
FAP421703601,2025/04/19,789703,25891601,91,4/21/2025,4/23/2025,91,1,0,0
FAP422601603,2025/04/19,789601,25891601,181,4/22/2025,4/22/2025,145,0,1,0
FAP420902602,2025/04/19,789902,25891601,177,4/20/2025,4/20/2025,177,1,1,1
FAP422902601,2025/04/19,789902,25891601,133,4/22/2025,4/25/2025,133,1,0,0
FAP420403602,2025/04/19,789403,25891601,126,4/20/2025,4/20/2025,126,1,1,1
FAP421103603,2025/04/19,789103,25891601,62,4/21/2025,4/21/2025,50,0,1,0
FAP421220601,2025/04/19,789220,25891601,149,4/21/2025,4/21/2025,149,1,1,1
FAP422603601,2025/04/19,789603,25891601,188,4/22/2025,4/22/2025,188,1,1,1
FAP421301601,2025/04/19,789301,25891601,196,4/21/2025,4/21/2025,157,0,1,0
FAP420321601,2025/04/19,789321,25891601,179,4/20/2025,4/20/2025,179,1,1,1
FAP420903601,2025/04/19,789903,25891601,59,4/20/2025,4/23/2025,59,1,0,0
FAP421621601,2025/04/19,789621,25891601,148,4/21/2025,4/23/2025,148,1,0,0
FAP420401601,2025/04/19,789401,25891601,129,4/20/2025,4/22/2025,129,1,0,0
FAP422102601,2025/04/19,789102,25891601,123,4/22/2025,4/22/2025,123,1,1,1
FAP421420602,2025/04/19,789420,25891601,167,4/21/2025,4/23/2025,167,1,0,0
FAP421501602,2025/04/19,789501,25891601,195,4/21/2025,4/21/2025,195,1,1,1
FAP421103603,2025/04/19,789103,25891402,212,4/21/2025,4/21/2025,212,1,1,1
FAP421303402,2025/04/19,789303,25891402,285,4/21/2025,4/22/2025,285,1,0,0
FAP422603601,2025/04/19,789603,25891402,446,4/22/2025,4/22/2025,446,1,1,1
FAP421720402,2025/04/19,789720,25891402,297,4/21/2025,4/20/2025,297,1,1,1
FAP422721402,2025/04/19,789721,25891402,445,4/22/2025,4/22/2025,445,1,1,1
FAP422503603,2025/04/19,789503,25891402,208,4/22/2025,4/22/2025,187,0,1,0
FAP420422402,2025/04/19,789422,25891402,494,4/20/2025,4/20/2025,395,0,1,0
FAP422422402,2025/04/19,789422,25891402,286,4/22/2025,4/22/2025,286,1,1,1
FAP420521402,2025/04/19,789521,25891402,360,4/20/2025,4/20/2025,324,0,1,0
FAP421903402,2025/04/19,789903,25891402,207,4/21/2025,4/21/2025,166,0,1,0
FAP420522402,2025/04/19,789522,25891402,212,4/20/2025,4/19/2025,212,1,1,1
FAP422522402,2025/04/19,789522,25891402,394,4/22/2025,4/22/2025,315,0,1,0
FAP422101501,2025/04/19,789101,25891402,315,4/22/2025,4/22/2025,315,1,1,1
FAP422122402,2025/04/19,789122,25891402,212,4/22/2025,4/24/2025,212,1,0,0
FAP420621602,2025/04/19,789621,25891402,414,4/20/2025,4/20/2025,373,0,1,0
FAP422221402,2025/04/19,789221,25891402,225,4/22/2025,4/22/2025,225,1,1,1
FAP420622603,2025/04/19,789622,25891402,496,4/20/2025,4/20/2025,471,0,1,0
FAP420303603,2025/04/19,789303,25891201,425,4/20/2025,4/20/2025,425,1,1,1
FAP422621201,2025/04/19,789621,25891201,104,4/22/2025,4/23/2025,104,1,0,0
FAP420420201,2025/04/19,789420,25891201,498,4/20/2025,4/20/2025,498,1,1,1
FAP422420201,2025/04/19,789420,25891201,217,4/22/2025,4/23/2025,217,1,0,0
FAP422521201,2025/04/19,789521,25891201,294,4/22/2025,4/24/2025,294,1,0,0
FAP420320502,2025/04/19,789320,25891201,220,4/20/2025,4/20/2025,176,0,1,0
FAP420421401,2025/04/19,789421,25891201,338,4/20/2025,4/21/2025,304,0,0,0
FAP422421201,2025/04/19,789421,25891201,156,4/22/2025,4/23/2025,140,0,0,0
FAP421403501,2025/04/19,789403,25891201,247,4/21/2025,4/21/2025,247,1,1,1
FAP422403303,2025/04/19,789403,25891201,124,4/22/2025,4/22/2025,124,1,1,1
FAP422103502,2025/04/19,789103,25891201,484,4/22/2025,4/22/2025,484,1,1,1
FAP420220501,2025/04/19,789220,25891201,162,4/20/2025,4/20/2025,146,0,1,0
FAP420221201,2025/04/19,789221,25891201,354,4/20/2025,4/23/2025,354,1,0,0
FAP420702403,2025/04/19,789702,25891201,100,4/20/2025,4/20/2025,100,1,1,1
FAP422702602,2025/04/19,789702,25891201,202,4/22/2025,4/22/2025,202,1,1,1
FAP421622401,2025/04/19,789622,25891201,156,4/21/2025,4/21/2025,156,1,1,1
FAP422520602,2025/04/19,789520,25891201,219,4/22/2025,4/23/2025,197,0,0,0
FAP421702501,2025/04/19,789702,25891501,225,4/21/2025,4/22/2025,203,0,0,0
FAP422203502,2025/04/19,789203,25891501,168,4/22/2025,4/22/2025,168,1,1,1
FAP420603501,2025/04/19,789603,25891501,183,4/20/2025,4/20/2025,183,1,1,1
FAP422603601,2025/04/19,789603,25891501,244,4/22/2025,4/22/2025,220,0,1,0
FAP420401602,2025/04/19,789401,25891501,119,4/20/2025,4/20/2025,113,0,1,0
FAP421403501,2025/04/19,789403,25891501,127,4/21/2025,4/21/2025,127,1,1,1
FAP422403501,2025/04/19,789403,25891501,166,4/22/2025,4/23/2025,166,1,0,0
FAP420121501,2025/04/19,789121,25891501,237,4/20/2025,4/21/2025,237,1,0,0
FAP421121501,2025/04/19,789121,25891501,213,4/21/2025,4/24/2025,213,1,0,0
FAP422621501,2025/04/19,789621,25891501,110,4/22/2025,4/22/2025,104,0,1,0
FAP420903501,2025/04/19,789903,25891501,133,4/20/2025,4/20/2025,120,0,1,0
FAP421903501,2025/04/19,789903,25891501,137,4/21/2025,4/20/2025,130,0,1,0
FAP422903501,2025/04/19,789903,25891501,231,4/22/2025,4/23/2025,185,0,0,0
FAP422101501,2025/04/19,789101,25891501,108,4/22/2025,4/22/2025,108,1,1,1
FAP420220501,2025/04/19,789220,25891501,234,4/20/2025,4/20/2025,211,0,1,0
FAP421202501,2025/04/19,789202,25891501,203,4/21/2025,4/22/2025,203,1,0,0
FAP420503602,2025/04/19,789503,25891602,62,4/20/2025,4/21/2025,50,0,0,0
FAP420301602,2025/04/19,789301,25891602,51,4/20/2025,4/21/2025,51,1,0,0
FAP422301602,2025/04/19,789301,25891602,110,4/22/2025,4/24/2025,104,0,0,0
FAP422702602,2025/04/19,789702,25891602,82,4/22/2025,4/22/2025,82,1,1,1
FAP420202602,2025/04/19,789202,25891602,180,4/20/2025,4/20/2025,180,1,1,1
FAP420102602,2025/04/19,789102,25891602,166,4/20/2025,4/20/2025,166,1,1,1
FAP420621602,2025/04/19,789621,25891602,199,4/20/2025,4/20/2025,199,1,1,1
FAP420401602,2025/04/19,789401,25891602,195,4/20/2025,4/20/2025,195,1,1,1
FAP420521602,2025/04/19,789521,25891602,97,4/20/2025,4/22/2025,97,1,0,0
FAP421521602,2025/04/19,789521,25891602,111,4/21/2025,4/23/2025,111,1,0,0
FAP422521602,2025/04/19,789521,25891602,167,4/22/2025,4/22/2025,167,1,1,1
FAP421703603,2025/04/19,789703,25891602,92,4/21/2025,4/21/2025,83,0,1,0
FAP421420602,2025/04/19,789420,25891602,142,4/21/2025,4/23/2025,142,1,0,0
FAP420103602,2025/04/19,789103,25891602,136,4/20/2025,4/22/2025,109,0,0,0
FAP422520602,2025/04/19,789520,25891602,140,4/22/2025,4/23/2025,112,0,0,0
FAP420902602,2025/04/19,789902,25891602,62,4/20/2025,4/20/2025,62,1,1,1
FAP421721602,2025/04/19,789721,25891602,54,4/21/2025,4/21/2025,54,1,1,1
FAP421501602,2025/04/19,789501,25891602,101,4/21/2025,4/21/2025,91,0,1,0
FAP421122602,2025/04/19,789122,25891602,177,4/21/2025,4/24/2025,177,1,0,0
FAP420403602,2025/04/19,789403,25891602,118,4/20/2025,4/20/2025,118,1,1,1
FAP422422602,2025/04/19,789422,25891602,190,4/22/2025,4/24/2025,190,1,0,0
FAP421220601,2025/04/19,789220,25891101,462,4/21/2025,4/21/2025,462,1,1,1
FAP421521101,2025/04/19,789521,25891101,330,4/21/2025,4/24/2025,330,1,0,0
FAP422521202,2025/04/19,789521,25891101,313,4/22/2025,4/25/2025,313,1,0,0
FAP422201403,2025/04/19,789201,25891101,443,4/22/2025,4/22/2025,443,1,1,1
FAP420101603,2025/04/19,789101,25891101,490,4/20/2025,4/20/2025,490,1,1,1
FAP422603601,2025/04/19,789603,25891101,301,4/22/2025,4/22/2025,301,1,1,1
FAP422703603,2025/04/19,789703,25891101,372,4/22/2025,4/22/2025,372,1,1,1
FAP422203502,2025/04/19,789203,25891101,376,4/22/2025,4/22/2025,357,0,1,0
FAP421902403,2025/04/19,789902,25891101,355,4/21/2025,4/21/2025,355,1,1,1
FAP422121101,2025/04/19,789121,25891101,307,4/22/2025,4/25/2025,307,1,0,0
FAP421221403,2025/04/19,789221,25891101,411,4/21/2025,4/21/2025,411,1,1,1
FAP422122402,2025/04/19,789122,25891101,446,4/22/2025,4/24/2025,357,0,0,0
FAP421621102,2025/04/19,789621,25891101,334,4/21/2025,4/21/2025,334,1,1,1
FAP422601603,2025/04/19,789601,25891101,463,4/22/2025,4/22/2025,463,1,1,1
FAP420202602,2025/04/19,789202,25891101,421,4/20/2025,4/20/2025,400,0,1,0
FAP421202502,2025/04/19,789202,25891101,423,4/21/2025,4/21/2025,423,1,1,1
FAP420403602,2025/04/19,789403,25891101,446,4/20/2025,4/20/2025,446,1,1,1
FAP422503603,2025/04/19,789503,25891101,406,4/22/2025,4/22/2025,406,1,1,1
FAP422420503,2025/04/19,789420,25891101,464,4/22/2025,4/25/2025,464,1,0,0
FAP421520301,2025/04/19,789520,25891101,424,4/21/2025,4/23/2025,424,1,0,0
FAP421422101,2025/04/19,789422,25891101,316,4/21/2025,4/22/2025,316,1,0,0
FAP420603401,2025/04/19,789603,25891401,413,4/20/2025,4/23/2025,413,1,0,0
FAP422902403,2025/04/19,789902,25891401,232,4/22/2025,4/22/2025,186,0,1,0
FAP422402403,2025/04/19,789402,25891401,236,4/22/2025,4/22/2025,236,1,1,1
FAP420621602,2025/04/19,789621,25891401,481,4/20/2025,4/20/2025,481,1,1,1
FAP421622401,2025/04/19,789622,25891401,213,4/21/2025,4/21/2025,213,1,1,1
FAP421501602,2025/04/19,789501,25891401,360,4/21/2025,4/21/2025,360,1,1,1
FAP422501401,2025/04/19,789501,25891401,250,4/22/2025,4/22/2025,250,1,1,1
FAP420503401,2025/04/19,789503,25891401,438,4/20/2025,4/20/2025,438,1,1,1
FAP421503401,2025/04/19,789503,25891401,260,4/21/2025,4/21/2025,260,1,1,1
FAP420202602,2025/04/19,789202,25891401,343,4/20/2025,4/20/2025,343,1,1,1
FAP420520401,2025/04/19,789520,25891401,478,4/20/2025,4/23/2025,454,0,0,0
FAP422903401,2025/04/19,789903,25891401,231,4/22/2025,4/22/2025,231,1,1,1
FAP421203401,2025/04/19,789203,25891401,379,4/21/2025,4/21/2025,360,0,1,0
FAP422702602,2025/04/19,789702,25891401,235,4/22/2025,4/22/2025,211,0,1,0
FAP422703603,2025/04/19,789703,25891401,306,4/22/2025,4/22/2025,291,0,1,0
FAP420301401,2025/04/19,789301,25891401,240,4/20/2025,4/22/2025,240,1,0,0
FAP421522401,2025/04/19,789522,25891401,409,4/21/2025,4/22/2025,409,1,0,0
FAP421303401,2025/04/19,789303,25891401,405,4/21/2025,4/21/2025,385,0,1,0
FAP422303502,2025/04/19,789303,25891401,427,4/22/2025,4/22/2025,427,1,1,1
FAP421401502,2025/04/19,789401,25891401,463,4/21/2025,4/21/2025,463,1,1,1
FAP422601401,2025/04/19,789601,25891401,448,4/22/2025,4/23/2025,448,1,0,0
FAP420201401,2025/04/19,789201,25891401,258,4/20/2025,4/19/2025,232,0,1,0
FAP420421401,2025/04/19,789421,25891401,346,4/20/2025,4/21/2025,346,1,0,0
FAP421101401,2025/04/19,789101,25891401,497,4/21/2025,4/21/2025,497,1,1,1
FAP420521602,2025/04/19,789521,25891401,460,4/20/2025,4/22/2025,460,1,0,0
FAP422220503,2025/04/19,789220,25891401,415,4/22/2025,4/22/2025,373,0,1,0
FAP421221403,2025/04/19,789221,25891401,221,4/21/2025,4/21/2025,221,1,1,1
FAP420501603,2025/04/19,789501,25891603,63,4/20/2025,4/22/2025,57,0,0,0
FAP422320603,2025/04/19,789320,25891603,195,4/22/2025,4/22/2025,195,1,1,1
FAP421720603,2025/04/19,789720,25891603,50,4/21/2025,4/21/2025,48,0,1,0
FAP422720603,2025/04/19,789720,25891603,183,4/22/2025,4/22/2025,165,0,1,0
FAP420101603,2025/04/19,789101,25891603,115,4/20/2025,4/20/2025,115,1,1,1
FAP420622603,2025/04/19,789622,25891603,180,4/20/2025,4/20/2025,180,1,1,1
FAP422622603,2025/04/19,789622,25891603,127,4/22/2025,4/22/2025,102,0,1,0
FAP422503603,2025/04/19,789503,25891603,146,4/22/2025,4/22/2025,146,1,1,1
FAP421703603,2025/04/19,789703,25891603,116,4/21/2025,4/21/2025,116,1,1,1
FAP422703603,2025/04/19,789703,25891603,68,4/22/2025,4/22/2025,68,1,1,1
FAP420303603,2025/04/19,789303,25891603,86,4/20/2025,4/20/2025,86,1,1,1
FAP420601603,2025/04/19,789601,25891603,122,4/20/2025,4/19/2025,110,0,1,0
FAP422601603,2025/04/19,789601,25891603,110,4/22/2025,4/22/2025,110,1,1,1
FAP421103603,2025/04/19,789103,25891603,109,4/21/2025,4/21/2025,104,0,1,0
FAP420201603,2025/04/19,789201,25891603,125,4/20/2025,4/20/2025,125,1,1,1
FAP421201603,2025/04/19,789201,25891603,176,4/21/2025,4/21/2025,176,1,1,1
FAP422702602,2025/04/19,789702,25891202,251,4/22/2025,4/22/2025,201,0,1,0
FAP422221202,2025/04/19,789221,25891202,409,4/22/2025,4/21/2025,409,1,1,1
FAP421320202,2025/04/19,789320,25891202,335,4/21/2025,4/21/2025,335,1,1,1
FAP421420301,2025/04/19,789420,25891202,487,4/21/2025,4/22/2025,463,0,0,0
FAP420903202,2025/04/19,789903,25891202,367,4/20/2025,4/19/2025,349,0,1,0
FAP420103202,2025/04/19,789103,25891202,394,4/20/2025,4/21/2025,315,0,0,0
FAP422422602,2025/04/19,789422,25891202,339,4/22/2025,4/24/2025,339,1,0,0
FAP422421202,2025/04/19,789421,25891202,471,4/22/2025,4/22/2025,424,0,1,0
FAP421201603,2025/04/19,789201,25891202,382,4/21/2025,4/21/2025,382,1,1,1
FAP422201403,2025/04/19,789201,25891202,402,4/22/2025,4/22/2025,322,0,1,0
FAP421521602,2025/04/19,789521,25891202,237,4/21/2025,4/23/2025,237,1,0,0
FAP422521202,2025/04/19,789521,25891202,473,4/22/2025,4/25/2025,473,1,0,0
FAP421520301,2025/04/19,789520,25891202,314,4/21/2025,4/23/2025,283,0,0,0
FAP422520202,2025/04/19,789520,25891202,452,4/22/2025,4/22/2025,407,0,1,0
FAP421202502,2025/04/19,789202,25891202,283,4/21/2025,4/21/2025,283,1,1,1
FAP421321403,2025/04/19,789321,25891202,111,4/21/2025,4/21/2025,111,1,1,1
FAP420522202,2025/04/19,789522,25891202,154,4/20/2025,4/20/2025,123,0,1,0
FAP421422303,2025/04/19,789422,25891303,37,4/21/2025,4/23/2025,37,1,0,0
FAP422721402,2025/04/19,789721,25891303,25,4/22/2025,4/22/2025,23,0,1,0
FAP422301502,2025/04/19,789301,25891303,66,4/22/2025,4/22/2025,63,0,1,0
FAP422321502,2025/04/19,789321,25891303,79,4/22/2025,4/22/2025,79,1,1,1
FAP421102303,2025/04/19,789102,25891303,96,4/21/2025,4/22/2025,96,1,0,0
FAP422102601,2025/04/19,789102,25891303,45,4/22/2025,4/22/2025,45,1,1,1
FAP422703603,2025/04/19,789703,25891303,85,4/22/2025,4/22/2025,85,1,1,1
FAP422122402,2025/04/19,789122,25891303,49,4/22/2025,4/24/2025,49,1,0,0
FAP422320603,2025/04/19,789320,25891303,51,4/22/2025,4/22/2025,46,0,1,0
FAP421702303,2025/04/19,789702,25891303,49,4/21/2025,4/21/2025,49,1,1,1
FAP422702602,2025/04/19,789702,25891303,21,4/22/2025,4/22/2025,19,0,1,0
FAP422202303,2025/04/19,789202,25891303,87,4/22/2025,4/22/2025,87,1,1,1
FAP422403303,2025/04/19,789403,25891303,68,4/22/2025,4/22/2025,61,0,1,0
FAP421902303,2025/04/19,789902,25891303,76,4/21/2025,4/20/2025,76,1,1,1
FAP422902403,2025/04/19,789902,25891303,76,4/22/2025,4/22/2025,68,0,1,0
FAP420220501,2025/04/19,789220,25891303,70,4/20/2025,4/20/2025,70,1,1,1
FAP422101501,2025/04/19,789101,25891303,97,4/22/2025,4/22/2025,97,1,1,1
FAP420402502,2025/04/19,789402,25891303,82,4/20/2025,4/20/2025,82,1,1,1
FAP421903402,2025/04/19,789903,25891303,53,4/21/2025,4/21/2025,53,1,1,1
FAP422702103,2025/04/20,789702,25891103,300,4/22/2025,4/22/2025,240,0,1,0
FAP423320502,2025/04/20,789320,25891203,235,4/23/2025,4/23/2025,223,0,1,0
FAP422403402,2025/04/20,789403,25891203,194,4/22/2025,4/22/2025,194,1,1,1
FAP421202402,2025/04/20,789202,25891203,445,4/21/2025,4/21/2025,445,1,1,1
FAP422202503,2025/04/20,789202,25891203,256,4/22/2025,4/22/2025,256,1,1,1
FAP423720203,2025/04/20,789720,25891203,266,4/23/2025,4/22/2025,266,1,1,1
FAP421121402,2025/04/20,789121,25891203,278,4/21/2025,4/22/2025,278,1,0,0
FAP423221203,2025/04/20,789221,25891203,260,4/23/2025,4/23/2025,260,1,1,1
FAP422321603,2025/04/20,789321,25891203,318,4/22/2025,4/22/2025,318,1,1,1
FAP421501203,2025/04/20,789501,25891203,175,4/21/2025,4/20/2025,166,0,1,0
FAP423622502,2025/04/20,789622,25891203,395,4/23/2025,4/23/2025,316,0,1,0
FAP422122203,2025/04/20,789122,25891203,308,4/22/2025,4/24/2025,293,0,0,0
FAP422421401,2025/04/20,789421,25891203,427,4/22/2025,4/22/2025,342,0,1,0
FAP422520203,2025/04/20,789520,25891203,332,4/22/2025,4/22/2025,299,0,1,0
FAP423102302,2025/04/20,789102,25891302,75,4/23/2025,4/22/2025,67,0,1,0
FAP421320302,2025/04/20,789320,25891302,100,4/21/2025,4/23/2025,100,1,0,0
FAP423320502,2025/04/20,789320,25891302,34,4/23/2025,4/23/2025,34,1,1,1
FAP421721302,2025/04/20,789721,25891302,61,4/21/2025,4/23/2025,61,1,0,0
FAP422321302,2025/04/20,789321,25891302,51,4/22/2025,4/23/2025,51,1,0,0
FAP421501502,2025/04/20,789501,25891302,89,4/21/2025,4/21/2025,89,1,1,1
FAP422421302,2025/04/20,789421,25891302,65,4/22/2025,4/23/2025,62,0,0,0
FAP423421402,2025/04/20,789421,25891302,65,4/23/2025,4/25/2025,62,0,0,0
FAP421220402,2025/04/20,789220,25891302,25,4/21/2025,4/21/2025,25,1,1,1
FAP421122302,2025/04/20,789122,25891302,66,4/21/2025,4/22/2025,63,0,0,0
FAP423720502,2025/04/20,789720,25891302,85,4/23/2025,4/23/2025,85,1,1,1
FAP422703503,2025/04/20,789703,25891302,84,4/22/2025,4/22/2025,84,1,1,1
FAP421101302,2025/04/20,789101,25891302,41,4/21/2025,4/20/2025,41,1,1,1
FAP423203602,2025/04/20,789203,25891302,41,4/23/2025,4/23/2025,41,1,1,1
FAP421601603,2025/04/20,789601,25891302,74,4/21/2025,4/21/2025,74,1,1,1
FAP421522302,2025/04/20,789522,25891302,57,4/21/2025,4/20/2025,46,0,1,0
FAP421721301,2025/04/20,789721,25891301,100,4/21/2025,4/21/2025,100,1,1,1
FAP423703401,2025/04/20,789703,25891301,57,4/23/2025,4/23/2025,46,0,1,0
FAP423102601,2025/04/20,789102,25891301,54,4/23/2025,4/23/2025,43,0,1,0
FAP422101602,2025/04/20,789101,25891301,32,4/22/2025,4/22/2025,29,0,1,0
FAP423101301,2025/04/20,789101,25891301,95,4/23/2025,4/23/2025,95,1,1,1
FAP421421301,2025/04/20,789421,25891301,40,4/21/2025,4/21/2025,36,0,1,0
FAP421720403,2025/04/20,789720,25891301,51,4/21/2025,4/21/2025,51,1,1,1
FAP422103602,2025/04/20,789103,25891301,48,4/22/2025,4/22/2025,48,1,1,1
FAP422121602,2025/04/20,789121,25891301,65,4/22/2025,4/23/2025,62,0,0,0
FAP423601601,2025/04/20,789601,25891301,70,4/23/2025,4/23/2025,70,1,1,1
FAP423201601,2025/04/20,789201,25891301,29,4/23/2025,4/23/2025,29,1,1,1
FAP423402301,2025/04/20,789402,25891301,86,4/23/2025,4/24/2025,86,1,0,0
FAP422221601,2025/04/20,789221,25891301,88,4/22/2025,4/22/2025,88,1,1,1
FAP421522301,2025/04/20,789522,25891301,20,4/21/2025,4/24/2025,20,1,0,0
FAP422903603,2025/04/20,789903,25891301,76,4/22/2025,4/22/2025,76,1,1,1
FAP422520301,2025/04/20,789520,25891301,45,4/22/2025,4/23/2025,41,0,0,0
FAP423301502,2025/04/20,789301,25891301,81,4/23/2025,4/23/2025,81,1,1,1
FAP421220402,2025/04/20,789220,25891301,99,4/21/2025,4/21/2025,89,0,1,0
FAP421403602,2025/04/20,789403,25891301,100,4/21/2025,4/21/2025,100,1,1,1
FAP421902503,2025/04/20,789902,25891301,24,4/21/2025,4/21/2025,23,0,1,0
FAP422902301,2025/04/20,789902,25891301,81,4/22/2025,4/22/2025,81,1,1,1
FAP421603503,2025/04/20,789603,25891301,27,4/21/2025,4/21/2025,27,1,1,1
FAP422603303,2025/04/20,789603,25891301,27,4/22/2025,4/22/2025,26,0,1,0
FAP421403102,2025/04/20,789403,25891102,486,4/21/2025,4/22/2025,486,1,0,0
FAP422601102,2025/04/20,789601,25891102,440,4/22/2025,4/22/2025,418,0,1,0
FAP422520301,2025/04/20,789520,25891102,319,4/22/2025,4/23/2025,319,1,0,0
FAP421522102,2025/04/20,789522,25891102,301,4/21/2025,4/23/2025,301,1,0,0
FAP422522501,2025/04/20,789522,25891102,400,4/22/2025,4/22/2025,360,0,1,0
FAP423522102,2025/04/20,789522,25891102,313,4/23/2025,4/24/2025,313,1,0,0
FAP421301102,2025/04/20,789301,25891102,324,4/21/2025,4/24/2025,324,1,0,0
FAP423103103,2025/04/20,789103,25891102,317,4/23/2025,4/23/2025,301,0,1,0
FAP423421501,2025/04/20,789421,25891102,457,4/23/2025,4/24/2025,434,0,0,0
FAP423320502,2025/04/20,789320,25891102,371,4/23/2025,4/23/2025,352,0,1,0
FAP421420102,2025/04/20,789420,25891102,427,4/21/2025,4/23/2025,427,1,0,0
FAP422703102,2025/04/20,789703,25891102,468,4/22/2025,4/24/2025,468,1,0,0
FAP421102502,2025/04/20,789102,25891102,494,4/21/2025,4/21/2025,494,1,1,1
FAP423102601,2025/04/20,789102,25891102,491,4/23/2025,4/23/2025,491,1,1,1
FAP421122303,2025/04/20,789122,25891102,418,4/21/2025,4/21/2025,397,0,1,0
FAP422621602,2025/04/20,789621,25891102,454,4/22/2025,4/22/2025,454,1,1,1
FAP421203102,2025/04/20,789203,25891102,452,4/21/2025,4/21/2025,452,1,1,1
FAP421102502,2025/04/20,789102,25891502,241,4/21/2025,4/21/2025,241,1,1,1
FAP423102601,2025/04/20,789102,25891502,212,4/23/2025,4/23/2025,212,1,1,1
FAP423622502,2025/04/20,789622,25891502,127,4/23/2025,4/23/2025,127,1,1,1
FAP422320503,2025/04/20,789320,25891502,117,4/22/2025,4/22/2025,117,1,1,1
FAP423320502,2025/04/20,789320,25891502,114,4/23/2025,4/23/2025,114,1,1,1
FAP423301502,2025/04/20,789301,25891502,107,4/23/2025,4/23/2025,86,0,1,0
FAP422220502,2025/04/20,789220,25891502,154,4/22/2025,4/22/2025,123,0,1,0
FAP423220502,2025/04/20,789220,25891502,126,4/23/2025,4/24/2025,126,1,0,0
FAP421903502,2025/04/20,789903,25891502,120,4/21/2025,4/24/2025,114,0,0,0
FAP422121502,2025/04/20,789121,25891502,178,4/22/2025,4/24/2025,178,1,0,0
FAP423621601,2025/04/20,789621,25891502,165,4/23/2025,4/23/2025,149,0,1,0
FAP422520502,2025/04/20,789520,25891502,208,4/22/2025,4/24/2025,198,0,0,0
FAP421103502,2025/04/20,789103,25891502,196,4/21/2025,4/21/2025,186,0,1,0
FAP423603503,2025/04/20,789603,25891502,234,4/23/2025,4/23/2025,234,1,1,1
FAP421902502,2025/04/20,789902,25891502,158,4/21/2025,4/20/2025,158,1,1,1
FAP423720502,2025/04/20,789720,25891502,162,4/23/2025,4/23/2025,154,0,1,0
FAP423422601,2025/04/20,789422,25891502,235,4/23/2025,4/24/2025,235,1,0,0
FAP422101602,2025/04/20,789101,25891502,100,4/22/2025,4/22/2025,100,1,1,1
FAP421703502,2025/04/20,789703,25891502,220,4/21/2025,4/21/2025,220,1,1,1
FAP421721502,2025/04/20,789721,25891502,100,4/21/2025,4/24/2025,100,1,0,0
FAP423702502,2025/04/20,789702,25891502,197,4/23/2025,4/23/2025,177,0,1,0
FAP421303503,2025/04/20,789303,25891502,164,4/21/2025,4/21/2025,164,1,1,1
FAP421221603,2025/04/20,789221,25891502,201,4/21/2025,4/21/2025,201,1,1,1
FAP421501502,2025/04/20,789501,25891502,147,4/21/2025,4/21/2025,147,1,1,1
FAP422522502,2025/04/20,789522,25891502,106,4/22/2025,4/23/2025,106,1,0,0
FAP421421403,2025/04/20,789421,25891403,333,4/21/2025,4/20/2025,333,1,1,1
FAP422421403,2025/04/20,789421,25891403,210,4/22/2025,4/25/2025,210,1,0,0
FAP423422403,2025/04/20,789422,25891403,345,4/23/2025,4/23/2025,328,0,1,0
FAP422501501,2025/04/20,789501,25891403,462,4/22/2025,4/22/2025,462,1,1,1
FAP422221601,2025/04/20,789221,25891403,259,4/22/2025,4/22/2025,207,0,1,0
FAP423721501,2025/04/20,789721,25891403,264,4/23/2025,4/23/2025,264,1,1,1
FAP421720403,2025/04/20,789720,25891403,427,4/21/2025,4/21/2025,427,1,1,1
FAP422303403,2025/04/20,789303,25891403,298,4/22/2025,4/22/2025,298,1,1,1
FAP423601601,2025/04/20,789601,25891403,380,4/23/2025,4/23/2025,361,0,1,0
FAP422401403,2025/04/20,789401,25891403,365,4/22/2025,4/21/2025,292,0,1,0
FAP423622503,2025/04/20,789622,25891503,235,4/23/2025,4/24/2025,235,1,0,0
FAP423403503,2025/04/20,789403,25891503,222,4/23/2025,4/23/2025,222,1,1,1
FAP421503503,2025/04/20,789503,25891503,189,4/21/2025,4/20/2025,189,1,1,1
FAP421221603,2025/04/20,789221,25891503,189,4/21/2025,4/21/2025,189,1,1,1
FAP421902503,2025/04/20,789902,25891503,109,4/21/2025,4/21/2025,109,1,1,1
FAP421421503,2025/04/20,789421,25891503,149,4/21/2025,4/22/2025,149,1,0,0
FAP422421503,2025/04/20,789421,25891503,234,4/22/2025,4/24/2025,211,0,0,0
FAP423421503,2025/04/20,789421,25891503,219,4/23/2025,4/26/2025,197,0,0,0
FAP422703503,2025/04/20,789703,25891503,100,4/22/2025,4/22/2025,100,1,1,1
FAP421603503,2025/04/20,789603,25891503,105,4/21/2025,4/21/2025,84,0,1,0
FAP423603503,2025/04/20,789603,25891503,115,4/23/2025,4/23/2025,115,1,1,1
FAP422102503,2025/04/20,789102,25891503,165,4/22/2025,4/22/2025,165,1,1,1
FAP423102601,2025/04/20,789102,25891503,196,4/23/2025,4/23/2025,176,0,1,0
FAP422320503,2025/04/20,789320,25891503,250,4/22/2025,4/22/2025,250,1,1,1
FAP421520503,2025/04/20,789520,25891503,190,4/21/2025,4/22/2025,190,1,0,0
FAP422202503,2025/04/20,789202,25891503,148,4/22/2025,4/22/2025,133,0,1,0
FAP423202602,2025/04/20,789202,25891503,210,4/23/2025,4/23/2025,210,1,1,1
FAP421301603,2025/04/20,789301,25891503,177,4/21/2025,4/21/2025,177,1,1,1
FAP423522503,2025/04/20,789522,25891503,151,4/23/2025,4/25/2025,151,1,0,0
FAP422402503,2025/04/20,789402,25891503,199,4/22/2025,4/23/2025,199,1,0,0
FAP421303503,2025/04/20,789303,25891503,149,4/21/2025,4/21/2025,142,0,1,0
FAP423303503,2025/04/20,789303,25891503,151,4/23/2025,4/23/2025,121,0,1,0
FAP422122503,2025/04/20,789122,25891503,240,4/22/2025,4/25/2025,228,0,0,0
FAP423203602,2025/04/20,789203,25891503,116,4/23/2025,4/23/2025,116,1,1,1
FAP421421403,2025/04/20,789421,25891103,352,4/21/2025,4/20/2025,334,0,1,0
FAP421403103,2025/04/20,789403,25891103,343,4/21/2025,4/20/2025,343,1,1,1
FAP421702602,2025/04/20,789702,25891103,419,4/21/2025,4/21/2025,377,0,1,0
FAP422422203,2025/04/20,789422,25891203,201,4/22/2025,4/24/2025,161,0,0,0
FAP422621602,2025/04/20,789621,25891103,329,4/22/2025,4/22/2025,329,1,1,1
FAP422121103,2025/04/20,789121,25891103,426,4/22/2025,4/21/2025,426,1,1,1
FAP422522502,2025/04/20,789522,25891103,386,4/22/2025,4/23/2025,386,1,0,0
FAP421503503,2025/04/20,789503,25891103,323,4/21/2025,4/20/2025,323,1,1,1
FAP423503602,2025/04/20,789503,25891103,383,4/23/2025,4/23/2025,383,1,1,1
FAP422220502,2025/04/20,789220,25891103,427,4/22/2025,4/22/2025,427,1,1,1
FAP421101103,2025/04/20,789101,25891103,311,4/21/2025,4/21/2025,311,1,1,1
FAP423101301,2025/04/20,789101,25891103,405,4/23/2025,4/23/2025,405,1,1,1
FAP421401601,2025/04/20,789401,25891103,453,4/21/2025,4/21/2025,430,0,1,0
FAP423103103,2025/04/20,789103,25891103,344,4/23/2025,4/23/2025,310,0,1,0
FAP423721501,2025/04/20,789721,25891103,457,4/23/2025,4/23/2025,457,1,1,1
FAP422321603,2025/04/20,789321,25891103,499,4/22/2025,4/22/2025,474,0,1,0
FAP422221601,2025/04/20,789221,25891601,101,4/22/2025,4/22/2025,101,1,1,1
FAP421522601,2025/04/20,789522,25891601,187,4/21/2025,4/22/2025,187,1,0,0
FAP423601601,2025/04/20,789601,25891601,148,4/23/2025,4/23/2025,133,0,1,0
FAP422702601,2025/04/20,789702,25891601,72,4/22/2025,4/21/2025,68,0,1,0
FAP423520601,2025/04/20,789520,25891601,140,4/23/2025,4/23/2025,133,0,1,0
FAP423902602,2025/04/20,789902,25891601,92,4/23/2025,4/23/2025,83,0,1,0
FAP422103602,2025/04/20,789103,25891601,92,4/22/2025,4/22/2025,92,1,1,1
FAP422201601,2025/04/20,789201,25891601,102,4/22/2025,4/22/2025,102,1,1,1
FAP423201601,2025/04/20,789201,25891601,120,4/23/2025,4/23/2025,108,0,1,0
FAP423422601,2025/04/20,789422,25891601,98,4/23/2025,4/24/2025,98,1,0,0
FAP422720601,2025/04/20,789720,25891601,58,4/22/2025,4/22/2025,58,1,1,1
FAP423603601,2025/04/20,789603,25891601,125,4/23/2025,4/22/2025,125,1,1,1
FAP422321603,2025/04/20,789321,25891601,70,4/22/2025,4/22/2025,70,1,1,1
FAP422903603,2025/04/20,789903,25891601,50,4/22/2025,4/22/2025,50,1,1,1
FAP423621601,2025/04/20,789621,25891601,94,4/23/2025,4/23/2025,94,1,1,1
FAP421401601,2025/04/20,789401,25891601,152,4/21/2025,4/21/2025,152,1,1,1
FAP423102601,2025/04/20,789102,25891601,58,4/23/2025,4/23/2025,58,1,1,1
FAP421220402,2025/04/20,789220,25891402,304,4/21/2025,4/21/2025,274,0,1,0
FAP423220501,2025/04/20,789220,25891402,443,4/23/2025,4/23/2025,399,0,1,0
FAP423402402,2025/04/20,789402,25891402,267,4/23/2025,4/23/2025,214,0,1,0
FAP421401601,2025/04/20,789401,25891402,396,4/21/2025,4/21/2025,356,0,1,0
FAP423601601,2025/04/20,789601,25891402,454,4/23/2025,4/23/2025,363,0,1,0
FAP423520402,2025/04/20,789520,25891402,396,4/23/2025,4/26/2025,396,1,0,0
FAP423902602,2025/04/20,789902,25891402,312,4/23/2025,4/23/2025,312,1,1,1
FAP422403402,2025/04/20,789403,25891402,329,4/22/2025,4/22/2025,329,1,1,1
FAP421521402,2025/04/20,789521,25891402,241,4/21/2025,4/22/2025,241,1,0,0
FAP422321603,2025/04/20,789321,25891402,438,4/22/2025,4/22/2025,438,1,1,1
FAP423903402,2025/04/20,789903,25891402,395,4/23/2025,4/23/2025,316,0,1,0
FAP421201402,2025/04/20,789201,25891402,267,4/21/2025,4/21/2025,267,1,1,1
FAP421101402,2025/04/20,789101,25891402,289,4/21/2025,4/22/2025,231,0,0,0
FAP423122402,2025/04/20,789122,25891402,316,4/23/2025,4/25/2025,300,0,0,0
FAP421121402,2025/04/20,789121,25891402,490,4/21/2025,4/22/2025,490,1,0,0
FAP421221603,2025/04/20,789221,25891402,244,4/21/2025,4/21/2025,244,1,1,1
FAP422622402,2025/04/20,789622,25891402,421,4/22/2025,4/24/2025,421,1,0,0
FAP423702502,2025/04/20,789702,25891402,398,4/23/2025,4/23/2025,378,0,1,0
FAP423421402,2025/04/20,789421,25891402,394,4/23/2025,4/25/2025,315,0,0,0
FAP423102601,2025/04/20,789102,25891402,382,4/23/2025,4/23/2025,382,1,1,1
FAP421202402,2025/04/20,789202,25891402,498,4/21/2025,4/21/2025,398,0,1,0
FAP421303303,2025/04/20,789303,25891201,144,4/21/2025,4/23/2025,144,1,0,0
FAP422303403,2025/04/20,789303,25891201,277,4/22/2025,4/22/2025,249,0,1,0
FAP423303503,2025/04/20,789303,25891201,351,4/23/2025,4/23/2025,351,1,1,1
FAP422603303,2025/04/20,789603,25891201,247,4/22/2025,4/22/2025,247,1,1,1
FAP423122201,2025/04/20,789122,25891201,117,4/23/2025,4/23/2025,105,0,1,0
FAP421521402,2025/04/20,789521,25891201,485,4/21/2025,4/22/2025,485,1,0,0